aclew_child_id,SpkrAge,segment,segment_dur,xds_min.sa,xds_mph.sa,ods_min.sa,ods_mph.sa,tds_min.sa,tds_mph.sa,cds_min.sa,cds_mph.sa,tds_min,n_spkrs_clip,start.hr,homebank_child_id,other_child_id,age_mo_round,age,child_sex,mat_ed_yr,mat_ed,fat_ed,length_of_recording,start_of_recording,number_older_sibs,mother_age,father_age,household_size,premature,region,serious_medical_issues,ses_details,Comments,tchiyr.m,motyr.m,nsb.m,hsz.m,tchiyr.sd,motyr.sd,nsb.sd,hsz.sd,rec.start.hr,rec.stop.hr,order,prop_tds.sa,prop_sa.tds,xds_mph.sa.nz,ods_mph.sa.nz,tds_mph.sa.nz,cds_mph.sa.nz,tchiyr.std,chisx.std,mated.std,mated.bin,motyr.std,nsb.std,hsz.std,nsk.std,stthr.std
0643,Adult,random-1,5,1.292,15.504000000000001,1.292,15.504000000000001,0,0,1.264,15.168000000000001,0.094,1,8.501,CM50,M-F40-C01,2,01m;25d,M,0,none,secondary,41391,07:57:38,5,25.9,33.8,7,unknown,Southern Mexico,no,agriculturalist,NA,16.1,23.63,1.1,7,12.305825178887165,4.573850796769731,1.523883926754995,3.0550504633038935,7.960555555555556,19.458055555555557,1,0,0,1,1,0,1,-1.145798822511396,M,none,0-5,0.4962995298410653,2.559250039669871,0,-0.5036257179051254,-0.29158333333333336
0643,Child,random-1,5,2.239,26.868,2.145,25.74,0.094,1.1280000000000001,0.2,2.4,0.094,3,8.501,CM50,M-F40-C01,2,01m;25d,M,0,none,secondary,41391,07:57:38,5,25.9,33.8,7,unknown,Southern Mexico,no,agriculturalist,NA,16.1,23.63,1.1,7,12.305825178887165,4.573850796769731,1.523883926754995,3.0550504633038935,7.960555555555556,19.458055555555557,1,0.04198302813756141,1,1,1,1,1,-1.145798822511396,M,none,0-5,0.4962995298410653,2.559250039669871,0,0.8910301162936832,-0.29158333333333336
0643,Adult,random-2,5,0.602,7.223999999999999,0.454,5.448,0.149,1.788,0.227,2.724,0.149,2,9.329,CM50,M-F40-C01,2,01m;25d,M,0,none,secondary,41391,07:57:38,5,25.9,33.8,7,unknown,Southern Mexico,no,agriculturalist,NA,16.1,23.63,1.1,7,12.305825178887165,4.573850796769731,1.523883926754995,3.0550504633038935,7.960555555555556,19.458055555555557,1,0.24750830564784054,1,1,1,1,1,-1.145798822511396,M,none,0-5,0.4962995298410653,2.559250039669871,0,0.19370219919427892,-0.22258333333333327
0643,Child,random-2,5,0,0,0,0,0,0,0,0,0.149,0,9.329,CM50,M-F40-C01,2,01m;25d,M,0,none,secondary,41391,07:57:38,5,25.9,33.8,7,unknown,Southern Mexico,no,agriculturalist,NA,16.1,23.63,1.1,7,12.305825178887165,4.573850796769731,1.523883926754995,3.0550504633038935,7.960555555555556,19.458055555555557,1,NaN,0,0,0,0,0,-1.145798822511396,M,none,0-5,0.4962995298410653,2.559250039669871,0,-1.2009536350045298,-0.22258333333333327
0643,Adult,random-3,5,1.52,18.24,1.51,18.12,0.01,0.12,0.519,6.228,0.01,3,11.897,CM50,M-F40-C01,2,01m;25d,M,0,none,secondary,41391,07:57:38,5,25.9,33.8,7,unknown,Southern Mexico,no,agriculturalist,NA,16.1,23.63,1.1,7,12.305825178887165,4.573850796769731,1.523883926754995,3.0550504633038935,7.960555555555556,19.458055555555557,1,0.006578947368421052,1,1,1,1,1,-1.145798822511396,M,none,0-5,0.4962995298410653,2.559250039669871,0,0.8910301162936832,-0.008583333333333313
0643,Child,random-3,5,1.783,21.395999999999997,1.783,21.395999999999997,0,0,0.766,9.192,0.01,3,11.897,CM50,M-F40-C01,2,01m;25d,M,0,none,secondary,41391,07:57:38,5,25.9,33.8,7,unknown,Southern Mexico,no,agriculturalist,NA,16.1,23.63,1.1,7,12.305825178887165,4.573850796769731,1.523883926754995,3.0550504633038935,7.960555555555556,19.458055555555557,1,0,0,1,1,0,1,-1.145798822511396,M,none,0-5,0.4962995298410653,2.559250039669871,0,0.8910301162936832,-0.008583333333333313
0643,Adult,random-4,5,0.105,1.2599999999999998,0.105,1.2599999999999998,0,0,0.073,0.8759999999999999,0,1,12.084,CM50,M-F40-C01,2,01m;25d,M,0,none,secondary,41391,07:57:38,5,25.9,33.8,7,unknown,Southern Mexico,no,agriculturalist,NA,16.1,23.63,1.1,7,12.305825178887165,4.573850796769731,1.523883926754995,3.0550504633038935,7.960555555555556,19.458055555555557,1,0,NaN,1,1,0,1,-1.145798822511396,M,none,0-5,0.4962995298410653,2.559250039669871,0,-0.5036257179051254,0.006999999999999969
0643,Child,random-4,5,0.627,7.524000000000001,0.627,7.524000000000001,0,0,0.065,0.78,0,2,12.084,CM50,M-F40-C01,2,01m;25d,M,0,none,secondary,41391,07:57:38,5,25.9,33.8,7,unknown,Southern Mexico,no,agriculturalist,NA,16.1,23.63,1.1,7,12.305825178887165,4.573850796769731,1.523883926754995,3.0550504633038935,7.960555555555556,19.458055555555557,1,0,NaN,1,1,0,1,-1.145798822511396,M,none,0-5,0.4962995298410653,2.559250039669871,0,0.19370219919427892,0.006999999999999969
0643,Adult,random-5,5,0.692,8.304,0.692,8.304,0,0,0.67,8.040000000000001,0,2,12.579,CM50,M-F40-C01,2,01m;25d,M,0,none,secondary,41391,07:57:38,5,25.9,33.8,7,unknown,Southern Mexico,no,agriculturalist,NA,16.1,23.63,1.1,7,12.305825178887165,4.573850796769731,1.523883926754995,3.0550504633038935,7.960555555555556,19.458055555555557,1,0,NaN,1,1,0,1,-1.145798822511396,M,none,0-5,0.4962995298410653,2.559250039669871,0,0.19370219919427892,0.04825000000000005
0643,Child,random-5,5,0.657,7.884000000000001,0.657,7.884000000000001,0,0,0.168,2.0160000000000005,0,2,12.579,CM50,M-F40-C01,2,01m;25d,M,0,none,secondary,41391,07:57:38,5,25.9,33.8,7,unknown,Southern Mexico,no,agriculturalist,NA,16.1,23.63,1.1,7,12.305825178887165,4.573850796769731,1.523883926754995,3.0550504633038935,7.960555555555556,19.458055555555557,1,0,NaN,1,1,0,1,-1.145798822511396,M,none,0-5,0.4962995298410653,2.559250039669871,0,0.19370219919427892,0.04825000000000005
0643,Adult,random-6,5,0.419,5.028,0.409,4.9079999999999995,0.009,0.108,0.251,3.012,0.038,2,13.617,CM50,M-F40-C01,2,01m;25d,M,0,none,secondary,41391,07:57:38,5,25.9,33.8,7,unknown,Southern Mexico,no,agriculturalist,NA,16.1,23.63,1.1,7,12.305825178887165,4.573850796769731,1.523883926754995,3.0550504633038935,7.960555555555556,19.458055555555557,1,0.021479713603818614,0.23684210526315788,1,1,1,1,-1.145798822511396,M,none,0-5,0.4962995298410653,2.559250039669871,0,0.19370219919427892,0.13475000000000006
0643,Child,random-6,5,0.314,3.768,0.285,3.42,0.028,0.336,0.028,0.336,0.038,2,13.617,CM50,M-F40-C01,2,01m;25d,M,0,none,secondary,41391,07:57:38,5,25.9,33.8,7,unknown,Southern Mexico,no,agriculturalist,NA,16.1,23.63,1.1,7,12.305825178887165,4.573850796769731,1.523883926754995,3.0550504633038935,7.960555555555556,19.458055555555557,1,0.089171974522293,0.736842105263158,1,1,1,1,-1.145798822511396,M,none,0-5,0.4962995298410653,2.559250039669871,0,0.19370219919427892,0.13475000000000006
0643,Adult,random-7,5,0.75,9,0.75,9,0,0,0.274,3.2880000000000003,0,2,13.845,CM50,M-F40-C01,2,01m;25d,M,0,none,secondary,41391,07:57:38,5,25.9,33.8,7,unknown,Southern Mexico,no,agriculturalist,NA,16.1,23.63,1.1,7,12.305825178887165,4.573850796769731,1.523883926754995,3.0550504633038935,7.960555555555556,19.458055555555557,1,0,NaN,1,1,0,1,-1.145798822511396,M,none,0-5,0.4962995298410653,2.559250039669871,0,0.19370219919427892,0.15375000000000005
0643,Child,random-7,5,1.08,12.96,1.08,12.96,0,0,0.141,1.6919999999999997,0,3,13.845,CM50,M-F40-C01,2,01m;25d,M,0,none,secondary,41391,07:57:38,5,25.9,33.8,7,unknown,Southern Mexico,no,agriculturalist,NA,16.1,23.63,1.1,7,12.305825178887165,4.573850796769731,1.523883926754995,3.0550504633038935,7.960555555555556,19.458055555555557,1,0,NaN,1,1,0,1,-1.145798822511396,M,none,0-5,0.4962995298410653,2.559250039669871,0,0.8910301162936832,0.15375000000000005
0643,Adult,random-8,5,1.189,14.268,0.961,11.531999999999998,0.228,2.736,1.135,13.620000000000001,0.315,2,15.322,CM50,M-F40-C01,2,01m;25d,M,0,none,secondary,41391,07:57:38,5,25.9,33.8,7,unknown,Southern Mexico,no,agriculturalist,NA,16.1,23.63,1.1,7,12.305825178887165,4.573850796769731,1.523883926754995,3.0550504633038935,7.960555555555556,19.458055555555557,1,0.191757779646762,0.7238095238095238,1,1,1,1,-1.145798822511396,M,none,0-5,0.4962995298410653,2.559250039669871,0,0.19370219919427892,0.27683333333333326
0643,Child,random-8,5,1.946,23.352,1.859,22.308,0.087,1.044,0.5,6,0.315,3,15.322,CM50,M-F40-C01,2,01m;25d,M,0,none,secondary,41391,07:57:38,5,25.9,33.8,7,unknown,Southern Mexico,no,agriculturalist,NA,16.1,23.63,1.1,7,12.305825178887165,4.573850796769731,1.523883926754995,3.0550504633038935,7.960555555555556,19.458055555555557,1,0.044707091469681395,0.27619047619047615,1,1,1,1,-1.145798822511396,M,none,0-5,0.4962995298410653,2.559250039669871,0,0.8910301162936832,0.27683333333333326
0643,Adult,random-9,5,2.322,27.864,2.313,27.756,0.009,0.108,0.578,6.936,0.014,2,15.807,CM50,M-F40-C01,2,01m;25d,M,0,none,secondary,41391,07:57:38,5,25.9,33.8,7,unknown,Southern Mexico,no,agriculturalist,NA,16.1,23.63,1.1,7,12.305825178887165,4.573850796769731,1.523883926754995,3.0550504633038935,7.960555555555556,19.458055555555557,1,0.0038759689922480615,0.6428571428571428,1,1,1,1,-1.145798822511396,M,none,0-5,0.4962995298410653,2.559250039669871,0,0.19370219919427892,0.31725000000000003
0643,Child,random-9,5,1.495,17.94,1.49,17.88,0.005,0.06,0.071,0.852,0.014,2,15.807,CM50,M-F40-C01,2,01m;25d,M,0,none,secondary,41391,07:57:38,5,25.9,33.8,7,unknown,Southern Mexico,no,agriculturalist,NA,16.1,23.63,1.1,7,12.305825178887165,4.573850796769731,1.523883926754995,3.0550504633038935,7.960555555555556,19.458055555555557,1,0.0033444816053511705,0.35714285714285715,1,1,1,1,-1.145798822511396,M,none,0-5,0.4962995298410653,2.559250039669871,0,0.19370219919427892,0.31725000000000003
2109,Adult,random-1,5,0.418,5.016,0,0,0.418,5.016,0.418,5.016,0.418,1,9.671,CM23,M-F17-C01,7,07m;15d,F,5,primary,secondary,36139,08:43:56,0,24.2,18.7,8,unknown,Southern Mexico,no,agriculturalist,NA,16.1,23.63,1.1,7,12.305825178887165,4.573850796769731,1.523883926754995,3.0550504633038935,8.732222222222223,18.770833333333336,4,1,1,1,0,1,1,-0.7394871833229577,F,primary,0-5,0.12462146784555393,-0.7218397547786817,0.32732683535398854,-0.5036257179051254,-0.19408333333333339
2109,Child,random-1,5,0,0,0,0,0,0,0,0,0.418,0,9.671,CM23,M-F17-C01,7,07m;15d,F,5,primary,secondary,36139,08:43:56,0,24.2,18.7,8,unknown,Southern Mexico,no,agriculturalist,NA,16.1,23.63,1.1,7,12.305825178887165,4.573850796769731,1.523883926754995,3.0550504633038935,8.732222222222223,18.770833333333336,4,NaN,0,0,0,0,0,-0.7394871833229577,F,primary,0-5,0.12462146784555393,-0.7218397547786817,0.32732683535398854,-1.2009536350045298,-0.19408333333333339
2109,Adult,random-2,5,1.032,12.384,0.026,0.312,1.006,12.072,1.006,12.072,1.006,1,9.819,CM23,M-F17-C01,7,07m;15d,F,5,primary,secondary,36139,08:43:56,0,24.2,18.7,8,unknown,Southern Mexico,no,agriculturalist,NA,16.1,23.63,1.1,7,12.305825178887165,4.573850796769731,1.523883926754995,3.0550504633038935,8.732222222222223,18.770833333333336,4,0.9748062015503876,1,1,1,1,1,-0.7394871833229577,F,primary,0-5,0.12462146784555393,-0.7218397547786817,0.32732683535398854,-0.5036257179051254,-0.18174999999999994
2109,Child,random-2,5,0,0,0,0,0,0,0,0,1.006,0,9.819,CM23,M-F17-C01,7,07m;15d,F,5,primary,secondary,36139,08:43:56,0,24.2,18.7,8,unknown,Southern Mexico,no,agriculturalist,NA,16.1,23.63,1.1,7,12.305825178887165,4.573850796769731,1.523883926754995,3.0550504633038935,8.732222222222223,18.770833333333336,4,NaN,0,0,0,0,0,-0.7394871833229577,F,primary,0-5,0.12462146784555393,-0.7218397547786817,0.32732683535398854,-1.2009536350045298,-0.18174999999999994
2109,Adult,random-3,5,0,0,0,0,0,0,0,0,0,0,10.392,CM23,M-F17-C01,7,07m;15d,F,5,primary,secondary,36139,08:43:56,0,24.2,18.7,8,unknown,Southern Mexico,no,agriculturalist,NA,16.1,23.63,1.1,7,12.305825178887165,4.573850796769731,1.523883926754995,3.0550504633038935,8.732222222222223,18.770833333333336,4,NaN,NaN,0,0,0,0,-0.7394871833229577,F,primary,0-5,0.12462146784555393,-0.7218397547786817,0.32732683535398854,-1.2009536350045298,-0.13400000000000004
2109,Child,random-3,5,0,0,0,0,0,0,0,0,0,0,10.392,CM23,M-F17-C01,7,07m;15d,F,5,primary,secondary,36139,08:43:56,0,24.2,18.7,8,unknown,Southern Mexico,no,agriculturalist,NA,16.1,23.63,1.1,7,12.305825178887165,4.573850796769731,1.523883926754995,3.0550504633038935,8.732222222222223,18.770833333333336,4,NaN,NaN,0,0,0,0,-0.7394871833229577,F,primary,0-5,0.12462146784555393,-0.7218397547786817,0.32732683535398854,-1.2009536350045298,-0.13400000000000004
2109,Adult,random-4,5,0,0,0,0,0,0,0,0,0,0,11.779,CM23,M-F17-C01,7,07m;15d,F,5,primary,secondary,36139,08:43:56,0,24.2,18.7,8,unknown,Southern Mexico,no,agriculturalist,NA,16.1,23.63,1.1,7,12.305825178887165,4.573850796769731,1.523883926754995,3.0550504633038935,8.732222222222223,18.770833333333336,4,NaN,NaN,0,0,0,0,-0.7394871833229577,F,primary,0-5,0.12462146784555393,-0.7218397547786817,0.32732683535398854,-1.2009536350045298,-0.018416666666666675
2109,Child,random-4,5,0,0,0,0,0,0,0,0,0,0,11.779,CM23,M-F17-C01,7,07m;15d,F,5,primary,secondary,36139,08:43:56,0,24.2,18.7,8,unknown,Southern Mexico,no,agriculturalist,NA,16.1,23.63,1.1,7,12.305825178887165,4.573850796769731,1.523883926754995,3.0550504633038935,8.732222222222223,18.770833333333336,4,NaN,NaN,0,0,0,0,-0.7394871833229577,F,primary,0-5,0.12462146784555393,-0.7218397547786817,0.32732683535398854,-1.2009536350045298,-0.018416666666666675
2109,Adult,random-5,5,1.744,20.928,1.614,19.368000000000002,0.129,1.548,0.129,1.548,0.129,2,12.671,CM23,M-F17-C01,7,07m;15d,F,5,primary,secondary,36139,08:43:56,0,24.2,18.7,8,unknown,Southern Mexico,no,agriculturalist,NA,16.1,23.63,1.1,7,12.305825178887165,4.573850796769731,1.523883926754995,3.0550504633038935,8.732222222222223,18.770833333333336,4,0.07396788990825688,1,1,1,1,1,-0.7394871833229577,F,primary,0-5,0.12462146784555393,-0.7218397547786817,0.32732683535398854,0.19370219919427892,0.055916666666666615
2109,Child,random-5,5,0,0,0,0,0,0,0,0,0.129,0,12.671,CM23,M-F17-C01,7,07m;15d,F,5,primary,secondary,36139,08:43:56,0,24.2,18.7,8,unknown,Southern Mexico,no,agriculturalist,NA,16.1,23.63,1.1,7,12.305825178887165,4.573850796769731,1.523883926754995,3.0550504633038935,8.732222222222223,18.770833333333336,4,NaN,0,0,0,0,0,-0.7394871833229577,F,primary,0-5,0.12462146784555393,-0.7218397547786817,0.32732683535398854,-1.2009536350045298,0.055916666666666615
2109,Adult,random-6,5,0.026,0.312,0,0,0.026,0.312,0.026,0.312,0.026,1,13.756,CM23,M-F17-C01,7,07m;15d,F,5,primary,secondary,36139,08:43:56,0,24.2,18.7,8,unknown,Southern Mexico,no,agriculturalist,NA,16.1,23.63,1.1,7,12.305825178887165,4.573850796769731,1.523883926754995,3.0550504633038935,8.732222222222223,18.770833333333336,4,1,1,1,0,1,1,-0.7394871833229577,F,primary,0-5,0.12462146784555393,-0.7218397547786817,0.32732683535398854,-0.5036257179051254,0.14633333333333334
2109,Child,random-6,5,0,0,0,0,0,0,0,0,0.026,0,13.756,CM23,M-F17-C01,7,07m;15d,F,5,primary,secondary,36139,08:43:56,0,24.2,18.7,8,unknown,Southern Mexico,no,agriculturalist,NA,16.1,23.63,1.1,7,12.305825178887165,4.573850796769731,1.523883926754995,3.0550504633038935,8.732222222222223,18.770833333333336,4,NaN,0,0,0,0,0,-0.7394871833229577,F,primary,0-5,0.12462146784555393,-0.7218397547786817,0.32732683535398854,-1.2009536350045298,0.14633333333333334
2109,Adult,random-7,5,0.942,11.303999999999998,0,0,0.942,11.303999999999998,0.942,11.303999999999998,0.942,1,15.031,CM23,M-F17-C01,7,07m;15d,F,5,primary,secondary,36139,08:43:56,0,24.2,18.7,8,unknown,Southern Mexico,no,agriculturalist,NA,16.1,23.63,1.1,7,12.305825178887165,4.573850796769731,1.523883926754995,3.0550504633038935,8.732222222222223,18.770833333333336,4,1,1,1,0,1,1,-0.7394871833229577,F,primary,0-5,0.12462146784555393,-0.7218397547786817,0.32732683535398854,-0.5036257179051254,0.2525833333333334
2109,Child,random-7,5,0,0,0,0,0,0,0,0,0.942,0,15.031,CM23,M-F17-C01,7,07m;15d,F,5,primary,secondary,36139,08:43:56,0,24.2,18.7,8,unknown,Southern Mexico,no,agriculturalist,NA,16.1,23.63,1.1,7,12.305825178887165,4.573850796769731,1.523883926754995,3.0550504633038935,8.732222222222223,18.770833333333336,4,NaN,0,0,0,0,0,-0.7394871833229577,F,primary,0-5,0.12462146784555393,-0.7218397547786817,0.32732683535398854,-1.2009536350045298,0.2525833333333334
2109,Adult,random-8,5,0.49,5.88,0,0,0.49,5.88,0.49,5.88,0.49,1,16.82,CM23,M-F17-C01,7,07m;15d,F,5,primary,secondary,36139,08:43:56,0,24.2,18.7,8,unknown,Southern Mexico,no,agriculturalist,NA,16.1,23.63,1.1,7,12.305825178887165,4.573850796769731,1.523883926754995,3.0550504633038935,8.732222222222223,18.770833333333336,4,1,1,1,0,1,1,-0.7394871833229577,F,primary,0-5,0.12462146784555393,-0.7218397547786817,0.32732683535398854,-0.5036257179051254,0.40166666666666667
2109,Child,random-8,5,0,0,0,0,0,0,0,0,0.49,0,16.82,CM23,M-F17-C01,7,07m;15d,F,5,primary,secondary,36139,08:43:56,0,24.2,18.7,8,unknown,Southern Mexico,no,agriculturalist,NA,16.1,23.63,1.1,7,12.305825178887165,4.573850796769731,1.523883926754995,3.0550504633038935,8.732222222222223,18.770833333333336,4,NaN,0,0,0,0,0,-0.7394871833229577,F,primary,0-5,0.12462146784555393,-0.7218397547786817,0.32732683535398854,-1.2009536350045298,0.40166666666666667
2109,Adult,random-9,5,1.523,18.276,1.036,12.432,0.486,5.832,0.486,5.832,0.486,2,17.514,CM23,M-F17-C01,7,07m;15d,F,5,primary,secondary,36139,08:43:56,0,24.2,18.7,8,unknown,Southern Mexico,no,agriculturalist,NA,16.1,23.63,1.1,7,12.305825178887165,4.573850796769731,1.523883926754995,3.0550504633038935,8.732222222222223,18.770833333333336,4,0.31910702560735393,1,1,1,1,1,-0.7394871833229577,F,primary,0-5,0.12462146784555393,-0.7218397547786817,0.32732683535398854,0.19370219919427892,0.45949999999999996
2109,Child,random-9,5,0,0,0,0,0,0,0,0,0.486,0,17.514,CM23,M-F17-C01,7,07m;15d,F,5,primary,secondary,36139,08:43:56,0,24.2,18.7,8,unknown,Southern Mexico,no,agriculturalist,NA,16.1,23.63,1.1,7,12.305825178887165,4.573850796769731,1.523883926754995,3.0550504633038935,8.732222222222223,18.770833333333336,4,NaN,0,0,0,0,0,-0.7394871833229577,F,primary,0-5,0.12462146784555393,-0.7218397547786817,0.32732683535398854,-1.2009536350045298,0.45949999999999996
2625,Adult,random-1,5,0.132,1.584,0.016,0.192,0.115,1.38,0.132,1.584,0.115,1,9.697,CM47,M-F37-C02,32,32m;05d,F,8,secondary,secondary,36645,08:22:41,1,27.9,25.4,4,unknown,Southern Mexico,no,agriculturalist,NA,16.1,23.63,1.1,7,12.305825178887165,4.573850796769731,1.523883926754995,3.0550504633038935,8.378055555555555,18.557222222222222,9,0.8712121212121212,1,1,1,1,1,1.2920710126192334,F,secondary,6+,0.9335678380710789,-0.06562179588897112,-0.9819805060619656,-0.5036257179051254,-0.19191666666666674
2625,Child,random-1,5,0,0,0,0,0,0,0,0,0.115,0,9.697,CM47,M-F37-C02,32,32m;05d,F,8,secondary,secondary,36645,08:22:41,1,27.9,25.4,4,unknown,Southern Mexico,no,agriculturalist,NA,16.1,23.63,1.1,7,12.305825178887165,4.573850796769731,1.523883926754995,3.0550504633038935,8.378055555555555,18.557222222222222,9,NaN,0,0,0,0,0,1.2920710126192334,F,secondary,6+,0.9335678380710789,-0.06562179588897112,-0.9819805060619656,-1.2009536350045298,-0.19191666666666674
2625,Adult,random-2,5,0.38,4.56,0.312,3.7439999999999998,0.068,0.8160000000000001,0.219,2.628,1.261,1,11.005,CM47,M-F37-C02,32,32m;05d,F,8,secondary,secondary,36645,08:22:41,1,27.9,25.4,4,unknown,Southern Mexico,no,agriculturalist,NA,16.1,23.63,1.1,7,12.305825178887165,4.573850796769731,1.523883926754995,3.0550504633038935,8.378055555555555,18.557222222222222,9,0.17894736842105263,0.05392545598731167,1,1,1,1,1.2920710126192334,F,secondary,6+,0.9335678380710789,-0.06562179588897112,-0.9819805060619656,-0.5036257179051254,-0.0829166666666666
2625,Child,random-2,5,1.316,15.792,0.123,1.476,1.193,14.316,1.237,14.844000000000001,1.261,1,11.005,CM47,M-F37-C02,32,32m;05d,F,8,secondary,secondary,36645,08:22:41,1,27.9,25.4,4,unknown,Southern Mexico,no,agriculturalist,NA,16.1,23.63,1.1,7,12.305825178887165,4.573850796769731,1.523883926754995,3.0550504633038935,8.378055555555555,18.557222222222222,9,0.9065349544072948,0.9460745440126884,1,1,1,1,1.2920710126192334,F,secondary,6+,0.9335678380710789,-0.06562179588897112,-0.9819805060619656,-0.5036257179051254,-0.0829166666666666
2625,Adult,random-3,5,0.575,6.8999999999999995,0.141,1.6919999999999997,0.435,5.22,0.505,6.0600000000000005,0.435,1,11.777,CM47,M-F37-C02,32,32m;05d,F,8,secondary,secondary,36645,08:22:41,1,27.9,25.4,4,unknown,Southern Mexico,no,agriculturalist,NA,16.1,23.63,1.1,7,12.305825178887165,4.573850796769731,1.523883926754995,3.0550504633038935,8.378055555555555,18.557222222222222,9,0.7565217391304349,1,1,1,1,1,1.2920710126192334,F,secondary,6+,0.9335678380710789,-0.06562179588897112,-0.9819805060619656,-0.5036257179051254,-0.018583333333333396
2625,Child,random-3,5,0.337,4.0440000000000005,0.337,4.0440000000000005,0,0,0,0,0.435,1,11.777,CM47,M-F37-C02,32,32m;05d,F,8,secondary,secondary,36645,08:22:41,1,27.9,25.4,4,unknown,Southern Mexico,no,agriculturalist,NA,16.1,23.63,1.1,7,12.305825178887165,4.573850796769731,1.523883926754995,3.0550504633038935,8.378055555555555,18.557222222222222,9,0,0,1,1,0,0,1.2920710126192334,F,secondary,6+,0.9335678380710789,-0.06562179588897112,-0.9819805060619656,-0.5036257179051254,-0.018583333333333396
2625,Adult,random-4,5,1.329,15.947999999999999,0.809,9.708,0.52,6.24,0.52,6.24,0.543,4,11.899,CM47,M-F37-C02,32,32m;05d,F,8,secondary,secondary,36645,08:22:41,1,27.9,25.4,4,unknown,Southern Mexico,no,agriculturalist,NA,16.1,23.63,1.1,7,12.305825178887165,4.573850796769731,1.523883926754995,3.0550504633038935,8.378055555555555,18.557222222222222,9,0.39127163280662153,0.9576427255985267,1,1,1,1,1.2920710126192334,F,secondary,6+,0.9335678380710789,-0.06562179588897112,-0.9819805060619656,1.5883580333930876,-0.008416666666666739
2625,Child,random-4,5,0.618,7.416,0.596,7.152,0.023,0.276,0.162,1.944,0.543,3,11.899,CM47,M-F37-C02,32,32m;05d,F,8,secondary,secondary,36645,08:22:41,1,27.9,25.4,4,unknown,Southern Mexico,no,agriculturalist,NA,16.1,23.63,1.1,7,12.305825178887165,4.573850796769731,1.523883926754995,3.0550504633038935,8.378055555555555,18.557222222222222,9,0.0372168284789644,0.04235727440147329,1,1,1,1,1.2920710126192334,F,secondary,6+,0.9335678380710789,-0.06562179588897112,-0.9819805060619656,0.8910301162936832,-0.008416666666666739
2625,Adult,random-5,5,0.96,11.52,0.595,7.14,0.365,4.38,0.425,5.1,0.365,2,12.935,CM47,M-F37-C02,32,32m;05d,F,8,secondary,secondary,36645,08:22:41,1,27.9,25.4,4,unknown,Southern Mexico,no,agriculturalist,NA,16.1,23.63,1.1,7,12.305825178887165,4.573850796769731,1.523883926754995,3.0550504633038935,8.378055555555555,18.557222222222222,9,0.3802083333333333,1,1,1,1,1,1.2920710126192334,F,secondary,6+,0.9335678380710789,-0.06562179588897112,-0.9819805060619656,0.19370219919427892,0.0779166666666667
2625,Child,random-5,5,0.453,5.436,0.453,5.436,0,0,0,0,0.365,2,12.935,CM47,M-F37-C02,32,32m;05d,F,8,secondary,secondary,36645,08:22:41,1,27.9,25.4,4,unknown,Southern Mexico,no,agriculturalist,NA,16.1,23.63,1.1,7,12.305825178887165,4.573850796769731,1.523883926754995,3.0550504633038935,8.378055555555555,18.557222222222222,9,0,0,1,1,0,0,1.2920710126192334,F,secondary,6+,0.9335678380710789,-0.06562179588897112,-0.9819805060619656,0.19370219919427892,0.0779166666666667
2625,Adult,random-6,5,0.195,2.34,0.097,1.1640000000000001,0.099,1.1880000000000002,0.173,2.076,0.122,1,13.506,CM47,M-F37-C02,32,32m;05d,F,8,secondary,secondary,36645,08:22:41,1,27.9,25.4,4,unknown,Southern Mexico,no,agriculturalist,NA,16.1,23.63,1.1,7,12.305825178887165,4.573850796769731,1.523883926754995,3.0550504633038935,8.378055555555555,18.557222222222222,9,0.5076923076923077,0.8114754098360656,1,1,1,1,1.2920710126192334,F,secondary,6+,0.9335678380710789,-0.06562179588897112,-0.9819805060619656,-0.5036257179051254,0.12550000000000003
2625,Child,random-6,5,0.489,5.868,0.465,5.58,0.024,0.28800000000000003,0.024,0.28800000000000003,0.122,2,13.506,CM47,M-F37-C02,32,32m;05d,F,8,secondary,secondary,36645,08:22:41,1,27.9,25.4,4,unknown,Southern Mexico,no,agriculturalist,NA,16.1,23.63,1.1,7,12.305825178887165,4.573850796769731,1.523883926754995,3.0550504633038935,8.378055555555555,18.557222222222222,9,0.049079754601226995,0.19672131147540983,1,1,1,1,1.2920710126192334,F,secondary,6+,0.9335678380710789,-0.06562179588897112,-0.9819805060619656,0.19370219919427892,0.12550000000000003
2625,Adult,random-7,5,0.579,6.9479999999999995,0.579,6.9479999999999995,0,0,0.482,5.784,0,1,15.979,CM47,M-F37-C02,32,32m;05d,F,8,secondary,secondary,36645,08:22:41,1,27.9,25.4,4,unknown,Southern Mexico,no,agriculturalist,NA,16.1,23.63,1.1,7,12.305825178887165,4.573850796769731,1.523883926754995,3.0550504633038935,8.378055555555555,18.557222222222222,9,0,NaN,1,1,0,1,1.2920710126192334,F,secondary,6+,0.9335678380710789,-0.06562179588897112,-0.9819805060619656,-0.5036257179051254,0.3315833333333333
2625,Child,random-7,5,1.131,13.572000000000001,1.131,13.572000000000001,0,0,0.569,6.827999999999999,0,2,15.979,CM47,M-F37-C02,32,32m;05d,F,8,secondary,secondary,36645,08:22:41,1,27.9,25.4,4,unknown,Southern Mexico,no,agriculturalist,NA,16.1,23.63,1.1,7,12.305825178887165,4.573850796769731,1.523883926754995,3.0550504633038935,8.378055555555555,18.557222222222222,9,0,NaN,1,1,0,1,1.2920710126192334,F,secondary,6+,0.9335678380710789,-0.06562179588897112,-0.9819805060619656,0.19370219919427892,0.3315833333333333
2625,Adult,random-8,5,1.409,16.908,1.409,16.908,0,0,1.4,16.799999999999997,0.281,1,16.826,CM47,M-F37-C02,32,32m;05d,F,8,secondary,secondary,36645,08:22:41,1,27.9,25.4,4,unknown,Southern Mexico,no,agriculturalist,NA,16.1,23.63,1.1,7,12.305825178887165,4.573850796769731,1.523883926754995,3.0550504633038935,8.378055555555555,18.557222222222222,9,0,0,1,1,0,1,1.2920710126192334,F,secondary,6+,0.9335678380710789,-0.06562179588897112,-0.9819805060619656,-0.5036257179051254,0.40216666666666673
2625,Child,random-8,5,1.649,19.788,1.368,16.416,0.281,3.3720000000000003,0.281,3.3720000000000003,0.281,2,16.826,CM47,M-F37-C02,32,32m;05d,F,8,secondary,secondary,36645,08:22:41,1,27.9,25.4,4,unknown,Southern Mexico,no,agriculturalist,NA,16.1,23.63,1.1,7,12.305825178887165,4.573850796769731,1.523883926754995,3.0550504633038935,8.378055555555555,18.557222222222222,9,0.17040630685263797,1,1,1,1,1,1.2920710126192334,F,secondary,6+,0.9335678380710789,-0.06562179588897112,-0.9819805060619656,0.19370219919427892,0.40216666666666673
2625,Adult,random-9,5,0.644,7.728,0.644,7.728,0,0,0.556,6.672000000000001,0,1,17.315,CM47,M-F37-C02,32,32m;05d,F,8,secondary,secondary,36645,08:22:41,1,27.9,25.4,4,unknown,Southern Mexico,no,agriculturalist,NA,16.1,23.63,1.1,7,12.305825178887165,4.573850796769731,1.523883926754995,3.0550504633038935,8.378055555555555,18.557222222222222,9,0,NaN,1,1,0,1,1.2920710126192334,F,secondary,6+,0.9335678380710789,-0.06562179588897112,-0.9819805060619656,-0.5036257179051254,0.4429166666666668
2625,Child,random-9,5,0.585,7.02,0.585,7.02,0,0,0.046,0.552,0,2,17.315,CM47,M-F37-C02,32,32m;05d,F,8,secondary,secondary,36645,08:22:41,1,27.9,25.4,4,unknown,Southern Mexico,no,agriculturalist,NA,16.1,23.63,1.1,7,12.305825178887165,4.573850796769731,1.523883926754995,3.0550504633038935,8.378055555555555,18.557222222222222,9,0,NaN,1,1,0,1,1.2920710126192334,F,secondary,6+,0.9335678380710789,-0.06562179588897112,-0.9819805060619656,0.19370219919427892,0.4429166666666668
3026,Adult,random-1,5,1.074,12.888000000000002,0.646,7.752000000000001,0.428,5.136,1.055,12.66,0.527,1,8.657,CM55,M-F43-C02,36,36m;02d,M,5,primary,primary,42412,08:19:52,2,27.8,34.4,5,unknown,Southern Mexico,no,agriculturalist,NA,16.1,23.63,1.1,7,12.305825178887165,4.573850796769731,1.523883926754995,3.0550504633038935,8.331111111111111,20.112222222222222,10,0.39851024208566105,0.8121442125237192,1,1,1,1,1.617120323969984,M,primary,0-5,0.9117044226595786,0.5905961630007395,-0.6546536707079771,-0.5036257179051254,-0.27858333333333335
3026,Child,random-1,5,1.736,20.832,1.637,19.644000000000002,0.099,1.1880000000000002,0.099,1.1880000000000002,0.527,3,8.657,CM55,M-F43-C02,36,36m;02d,M,5,primary,primary,42412,08:19:52,2,27.8,34.4,5,unknown,Southern Mexico,no,agriculturalist,NA,16.1,23.63,1.1,7,12.305825178887165,4.573850796769731,1.523883926754995,3.0550504633038935,8.331111111111111,20.112222222222222,10,0.057027649769585256,0.18785578747628084,1,1,1,1,1.617120323969984,M,primary,0-5,0.9117044226595786,0.5905961630007395,-0.6546536707079771,0.8910301162936832,-0.27858333333333335
3026,Adult,random-2,5,0.213,2.556,0.008,0.096,0.206,2.472,0.206,2.472,0.206,1,9.778,CM55,M-F43-C02,36,36m;02d,M,5,primary,primary,42412,08:19:52,2,27.8,34.4,5,unknown,Southern Mexico,no,agriculturalist,NA,16.1,23.63,1.1,7,12.305825178887165,4.573850796769731,1.523883926754995,3.0550504633038935,8.331111111111111,20.112222222222222,10,0.9671361502347418,1,1,1,1,1,1.617120323969984,M,primary,0-5,0.9117044226595786,0.5905961630007395,-0.6546536707079771,-0.5036257179051254,-0.18516666666666662
3026,Child,random-2,5,0,0,0,0,0,0,0,0,0.206,0,9.778,CM55,M-F43-C02,36,36m;02d,M,5,primary,primary,42412,08:19:52,2,27.8,34.4,5,unknown,Southern Mexico,no,agriculturalist,NA,16.1,23.63,1.1,7,12.305825178887165,4.573850796769731,1.523883926754995,3.0550504633038935,8.331111111111111,20.112222222222222,10,NaN,0,0,0,0,0,1.617120323969984,M,primary,0-5,0.9117044226595786,0.5905961630007395,-0.6546536707079771,-1.2009536350045298,-0.18516666666666662
3026,Adult,random-3,5,0.38,4.56,0.155,1.8599999999999999,0.224,2.688,0.357,4.284,0.224,1,10.618,CM55,M-F43-C02,36,36m;02d,M,5,primary,primary,42412,08:19:52,2,27.8,34.4,5,unknown,Southern Mexico,no,agriculturalist,NA,16.1,23.63,1.1,7,12.305825178887165,4.573850796769731,1.523883926754995,3.0550504633038935,8.331111111111111,20.112222222222222,10,0.5894736842105264,1,1,1,1,1,1.617120323969984,M,primary,0-5,0.9117044226595786,0.5905961630007395,-0.6546536707079771,-0.5036257179051254,-0.11516666666666664
3026,Child,random-3,5,0.6,7.199999999999999,0.6,7.199999999999999,0,0,0,0,0.224,2,10.618,CM55,M-F43-C02,36,36m;02d,M,5,primary,primary,42412,08:19:52,2,27.8,34.4,5,unknown,Southern Mexico,no,agriculturalist,NA,16.1,23.63,1.1,7,12.305825178887165,4.573850796769731,1.523883926754995,3.0550504633038935,8.331111111111111,20.112222222222222,10,0,0,1,1,0,0,1.617120323969984,M,primary,0-5,0.9117044226595786,0.5905961630007395,-0.6546536707079771,0.19370219919427892,-0.11516666666666664
3026,Adult,random-4,5,0.008,0.096,0.008,0.096,0,0,0,0,0,1,10.903,CM55,M-F43-C02,36,36m;02d,M,5,primary,primary,42412,08:19:52,2,27.8,34.4,5,unknown,Southern Mexico,no,agriculturalist,NA,16.1,23.63,1.1,7,12.305825178887165,4.573850796769731,1.523883926754995,3.0550504633038935,8.331111111111111,20.112222222222222,10,0,NaN,1,1,0,0,1.617120323969984,M,primary,0-5,0.9117044226595786,0.5905961630007395,-0.6546536707079771,-0.5036257179051254,-0.09141666666666663
3026,Child,random-4,5,0.051,0.612,0.051,0.612,0,0,0,0,0,1,10.903,CM55,M-F43-C02,36,36m;02d,M,5,primary,primary,42412,08:19:52,2,27.8,34.4,5,unknown,Southern Mexico,no,agriculturalist,NA,16.1,23.63,1.1,7,12.305825178887165,4.573850796769731,1.523883926754995,3.0550504633038935,8.331111111111111,20.112222222222222,10,0,NaN,1,1,0,0,1.617120323969984,M,primary,0-5,0.9117044226595786,0.5905961630007395,-0.6546536707079771,-0.5036257179051254,-0.09141666666666663
3026,Adult,random-5,5,0.019,0.228,0,0,0.019,0.228,0.019,0.228,0.019,1,12.456,CM55,M-F43-C02,36,36m;02d,M,5,primary,primary,42412,08:19:52,2,27.8,34.4,5,unknown,Southern Mexico,no,agriculturalist,NA,16.1,23.63,1.1,7,12.305825178887165,4.573850796769731,1.523883926754995,3.0550504633038935,8.331111111111111,20.112222222222222,10,1,1,1,0,1,1,1.617120323969984,M,primary,0-5,0.9117044226595786,0.5905961630007395,-0.6546536707079771,-0.5036257179051254,0.03799999999999996
3026,Child,random-5,5,0.067,0.804,0.067,0.804,0,0,0,0,0.019,1,12.456,CM55,M-F43-C02,36,36m;02d,M,5,primary,primary,42412,08:19:52,2,27.8,34.4,5,unknown,Southern Mexico,no,agriculturalist,NA,16.1,23.63,1.1,7,12.305825178887165,4.573850796769731,1.523883926754995,3.0550504633038935,8.331111111111111,20.112222222222222,10,0,0,1,1,0,0,1.617120323969984,M,primary,0-5,0.9117044226595786,0.5905961630007395,-0.6546536707079771,-0.5036257179051254,0.03799999999999996
3026,Adult,random-6,5,0.028,0.336,0,0,0.028,0.336,0.028,0.336,0.028,1,13.229,CM55,M-F43-C02,36,36m;02d,M,5,primary,primary,42412,08:19:52,2,27.8,34.4,5,unknown,Southern Mexico,no,agriculturalist,NA,16.1,23.63,1.1,7,12.305825178887165,4.573850796769731,1.523883926754995,3.0550504633038935,8.331111111111111,20.112222222222222,10,1,1,1,0,1,1,1.617120323969984,M,primary,0-5,0.9117044226595786,0.5905961630007395,-0.6546536707079771,-0.5036257179051254,0.1024166666666666
3026,Child,random-6,5,0,0,0,0,0,0,0,0,0.028,0,13.229,CM55,M-F43-C02,36,36m;02d,M,5,primary,primary,42412,08:19:52,2,27.8,34.4,5,unknown,Southern Mexico,no,agriculturalist,NA,16.1,23.63,1.1,7,12.305825178887165,4.573850796769731,1.523883926754995,3.0550504633038935,8.331111111111111,20.112222222222222,10,NaN,0,0,0,0,0,1.617120323969984,M,primary,0-5,0.9117044226595786,0.5905961630007395,-0.6546536707079771,-1.2009536350045298,0.1024166666666666
3026,Adult,random-7,5,1.884,22.607999999999997,1.54,18.48,0.344,4.128,0.876,10.512,0.344,2,16.283,CM55,M-F43-C02,36,36m;02d,M,5,primary,primary,42412,08:19:52,2,27.8,34.4,5,unknown,Southern Mexico,no,agriculturalist,NA,16.1,23.63,1.1,7,12.305825178887165,4.573850796769731,1.523883926754995,3.0550504633038935,8.331111111111111,20.112222222222222,10,0.18259023354564755,1,1,1,1,1,1.617120323969984,M,primary,0-5,0.9117044226595786,0.5905961630007395,-0.6546536707079771,0.19370219919427892,0.35691666666666677
3026,Child,random-7,5,0.852,10.224,0.852,10.224,0,0,0.043,0.516,0.344,2,16.283,CM55,M-F43-C02,36,36m;02d,M,5,primary,primary,42412,08:19:52,2,27.8,34.4,5,unknown,Southern Mexico,no,agriculturalist,NA,16.1,23.63,1.1,7,12.305825178887165,4.573850796769731,1.523883926754995,3.0550504633038935,8.331111111111111,20.112222222222222,10,0,0,1,1,0,1,1.617120323969984,M,primary,0-5,0.9117044226595786,0.5905961630007395,-0.6546536707079771,0.19370219919427892,0.35691666666666677
3026,Adult,random-8,5,1.575,18.9,1.326,15.911999999999999,0.249,2.988,1.347,16.163999999999998,0.457,1,16.462,CM55,M-F43-C02,36,36m;02d,M,5,primary,primary,42412,08:19:52,2,27.8,34.4,5,unknown,Southern Mexico,no,agriculturalist,NA,16.1,23.63,1.1,7,12.305825178887165,4.573850796769731,1.523883926754995,3.0550504633038935,8.331111111111111,20.112222222222222,10,0.1580952380952381,0.5448577680525164,1,1,1,1,1.617120323969984,M,primary,0-5,0.9117044226595786,0.5905961630007395,-0.6546536707079771,-0.5036257179051254,0.3718333333333333
3026,Child,random-8,5,3.228,38.736000000000004,3.02,36.24,0.208,2.496,0.354,4.248,0.457,3,16.462,CM55,M-F43-C02,36,36m;02d,M,5,primary,primary,42412,08:19:52,2,27.8,34.4,5,unknown,Southern Mexico,no,agriculturalist,NA,16.1,23.63,1.1,7,12.305825178887165,4.573850796769731,1.523883926754995,3.0550504633038935,8.331111111111111,20.112222222222222,10,0.0644361833952912,0.45514223194748354,1,1,1,1,1.617120323969984,M,primary,0-5,0.9117044226595786,0.5905961630007395,-0.6546536707079771,0.8910301162936832,0.3718333333333333
3026,Adult,random-9,5,1.143,13.716,1.059,12.707999999999998,0.084,1.0080000000000002,1.067,12.803999999999998,0.084,1,17.161,CM55,M-F43-C02,36,36m;02d,M,5,primary,primary,42412,08:19:52,2,27.8,34.4,5,unknown,Southern Mexico,no,agriculturalist,NA,16.1,23.63,1.1,7,12.305825178887165,4.573850796769731,1.523883926754995,3.0550504633038935,8.331111111111111,20.112222222222222,10,0.07349081364829396,1,1,1,1,1,1.617120323969984,M,primary,0-5,0.9117044226595786,0.5905961630007395,-0.6546536707079771,-0.5036257179051254,0.43008333333333343
3026,Child,random-9,5,2.174,26.087999999999997,2.174,26.087999999999997,0,0,0.867,10.404,0.084,3,17.161,CM55,M-F43-C02,36,36m;02d,M,5,primary,primary,42412,08:19:52,2,27.8,34.4,5,unknown,Southern Mexico,no,agriculturalist,NA,16.1,23.63,1.1,7,12.305825178887165,4.573850796769731,1.523883926754995,3.0550504633038935,8.331111111111111,20.112222222222222,10,0,0,1,1,0,1,1.617120323969984,M,primary,0-5,0.9117044226595786,0.5905961630007395,-0.6546536707079771,0.8910301162936832,0.43008333333333343
6216,Adult,random-1,5,0.924,11.088000000000001,0.03,0.36,0.895,10.74,0.895,10.74,0.895,1,9.765,CM25,M-F19-C01,27,26m;25d,F,5,primary,primary,32539,09:29:48,0,17.1,19.3,4,unknown,Southern Mexico,no,agriculturalist,NA,16.1,23.63,1.1,7,12.305825178887165,4.573850796769731,1.523883926754995,3.0550504633038935,9.496666666666666,18.53527777777778,8,0.9686147186147186,1,1,1,1,1,0.8857593734307952,F,primary,0-5,-1.4276810263709938,-0.7218397547786817,-0.9819805060619656,-0.5036257179051254,-0.18624999999999994
6216,Child,random-1,5,0,0,0,0,0,0,0,0,0.895,0,9.765,CM25,M-F19-C01,27,26m;25d,F,5,primary,primary,32539,09:29:48,0,17.1,19.3,4,unknown,Southern Mexico,no,agriculturalist,NA,16.1,23.63,1.1,7,12.305825178887165,4.573850796769731,1.523883926754995,3.0550504633038935,9.496666666666666,18.53527777777778,8,NaN,0,0,0,0,0,0.8857593734307952,F,primary,0-5,-1.4276810263709938,-0.7218397547786817,-0.9819805060619656,-1.2009536350045298,-0.18624999999999994
6216,Adult,random-2,5,1.41,16.919999999999998,0.03,0.36,1.379,16.548,1.379,16.548,1.379,1,10.264,CM25,M-F19-C01,27,26m;25d,F,5,primary,primary,32539,09:29:48,0,17.1,19.3,4,unknown,Southern Mexico,no,agriculturalist,NA,16.1,23.63,1.1,7,12.305825178887165,4.573850796769731,1.523883926754995,3.0550504633038935,9.496666666666666,18.53527777777778,8,0.9780141843971631,1,1,1,1,1,0.8857593734307952,F,primary,0-5,-1.4276810263709938,-0.7218397547786817,-0.9819805060619656,-0.5036257179051254,-0.14466666666666672
6216,Child,random-2,5,0,0,0,0,0,0,0,0,1.379,0,10.264,CM25,M-F19-C01,27,26m;25d,F,5,primary,primary,32539,09:29:48,0,17.1,19.3,4,unknown,Southern Mexico,no,agriculturalist,NA,16.1,23.63,1.1,7,12.305825178887165,4.573850796769731,1.523883926754995,3.0550504633038935,9.496666666666666,18.53527777777778,8,NaN,0,0,0,0,0,0.8857593734307952,F,primary,0-5,-1.4276810263709938,-0.7218397547786817,-0.9819805060619656,-1.2009536350045298,-0.14466666666666672
6216,Adult,random-3,5,0.337,4.0440000000000005,0,0,0.337,4.0440000000000005,0.337,4.0440000000000005,0.337,1,11.406,CM25,M-F19-C01,27,26m;25d,F,5,primary,primary,32539,09:29:48,0,17.1,19.3,4,unknown,Southern Mexico,no,agriculturalist,NA,16.1,23.63,1.1,7,12.305825178887165,4.573850796769731,1.523883926754995,3.0550504633038935,9.496666666666666,18.53527777777778,8,1,1,1,0,1,1,0.8857593734307952,F,primary,0-5,-1.4276810263709938,-0.7218397547786817,-0.9819805060619656,-0.5036257179051254,-0.049499999999999954
6216,Child,random-3,5,0,0,0,0,0,0,0,0,0.337,0,11.406,CM25,M-F19-C01,27,26m;25d,F,5,primary,primary,32539,09:29:48,0,17.1,19.3,4,unknown,Southern Mexico,no,agriculturalist,NA,16.1,23.63,1.1,7,12.305825178887165,4.573850796769731,1.523883926754995,3.0550504633038935,9.496666666666666,18.53527777777778,8,NaN,0,0,0,0,0,0.8857593734307952,F,primary,0-5,-1.4276810263709938,-0.7218397547786817,-0.9819805060619656,-1.2009536350045298,-0.049499999999999954
6216,Adult,random-4,5,1.223,14.676,1.223,14.676,0,0,0,0,0,2,13.197,CM25,M-F19-C01,27,26m;25d,F,5,primary,primary,32539,09:29:48,0,17.1,19.3,4,unknown,Southern Mexico,no,agriculturalist,NA,16.1,23.63,1.1,7,12.305825178887165,4.573850796769731,1.523883926754995,3.0550504633038935,9.496666666666666,18.53527777777778,8,0,NaN,1,1,0,0,0.8857593734307952,F,primary,0-5,-1.4276810263709938,-0.7218397547786817,-0.9819805060619656,0.19370219919427892,0.09974999999999994
6216,Child,random-4,5,0,0,0,0,0,0,0,0,0,0,13.197,CM25,M-F19-C01,27,26m;25d,F,5,primary,primary,32539,09:29:48,0,17.1,19.3,4,unknown,Southern Mexico,no,agriculturalist,NA,16.1,23.63,1.1,7,12.305825178887165,4.573850796769731,1.523883926754995,3.0550504633038935,9.496666666666666,18.53527777777778,8,NaN,NaN,0,0,0,0,0.8857593734307952,F,primary,0-5,-1.4276810263709938,-0.7218397547786817,-0.9819805060619656,-1.2009536350045298,0.09974999999999994
6216,Adult,random-5,5,0,0,0,0,0,0,0,0,0,0,13.312,CM25,M-F19-C01,27,26m;25d,F,5,primary,primary,32539,09:29:48,0,17.1,19.3,4,unknown,Southern Mexico,no,agriculturalist,NA,16.1,23.63,1.1,7,12.305825178887165,4.573850796769731,1.523883926754995,3.0550504633038935,9.496666666666666,18.53527777777778,8,NaN,NaN,0,0,0,0,0.8857593734307952,F,primary,0-5,-1.4276810263709938,-0.7218397547786817,-0.9819805060619656,-1.2009536350045298,0.10933333333333328
6216,Child,random-5,5,0,0,0,0,0,0,0,0,0,0,13.312,CM25,M-F19-C01,27,26m;25d,F,5,primary,primary,32539,09:29:48,0,17.1,19.3,4,unknown,Southern Mexico,no,agriculturalist,NA,16.1,23.63,1.1,7,12.305825178887165,4.573850796769731,1.523883926754995,3.0550504633038935,9.496666666666666,18.53527777777778,8,NaN,NaN,0,0,0,0,0.8857593734307952,F,primary,0-5,-1.4276810263709938,-0.7218397547786817,-0.9819805060619656,-1.2009536350045298,0.10933333333333328
6216,Adult,random-6,5,1.938,23.256,1.391,16.692,0.546,6.5520000000000005,0.546,6.5520000000000005,0.546,3,14.399,CM25,M-F19-C01,27,26m;25d,F,5,primary,primary,32539,09:29:48,0,17.1,19.3,4,unknown,Southern Mexico,no,agriculturalist,NA,16.1,23.63,1.1,7,12.305825178887165,4.573850796769731,1.523883926754995,3.0550504633038935,9.496666666666666,18.53527777777778,8,0.281733746130031,1,1,1,1,1,0.8857593734307952,F,primary,0-5,-1.4276810263709938,-0.7218397547786817,-0.9819805060619656,0.8910301162936832,0.1999166666666666
6216,Child,random-6,5,0,0,0,0,0,0,0,0,0.546,0,14.399,CM25,M-F19-C01,27,26m;25d,F,5,primary,primary,32539,09:29:48,0,17.1,19.3,4,unknown,Southern Mexico,no,agriculturalist,NA,16.1,23.63,1.1,7,12.305825178887165,4.573850796769731,1.523883926754995,3.0550504633038935,9.496666666666666,18.53527777777778,8,NaN,0,0,0,0,0,0.8857593734307952,F,primary,0-5,-1.4276810263709938,-0.7218397547786817,-0.9819805060619656,-1.2009536350045298,0.1999166666666666
6216,Adult,random-7,5,1.536,18.432000000000002,0.508,6.096,1.028,12.336,1.028,12.336,1.028,4,14.548,CM25,M-F19-C01,27,26m;25d,F,5,primary,primary,32539,09:29:48,0,17.1,19.3,4,unknown,Southern Mexico,no,agriculturalist,NA,16.1,23.63,1.1,7,12.305825178887165,4.573850796769731,1.523883926754995,3.0550504633038935,9.496666666666666,18.53527777777778,8,0.6692708333333334,1,1,1,1,1,0.8857593734307952,F,primary,0-5,-1.4276810263709938,-0.7218397547786817,-0.9819805060619656,1.5883580333930876,0.21233333333333335
6216,Child,random-7,5,0,0,0,0,0,0,0,0,1.028,0,14.548,CM25,M-F19-C01,27,26m;25d,F,5,primary,primary,32539,09:29:48,0,17.1,19.3,4,unknown,Southern Mexico,no,agriculturalist,NA,16.1,23.63,1.1,7,12.305825178887165,4.573850796769731,1.523883926754995,3.0550504633038935,9.496666666666666,18.53527777777778,8,NaN,0,0,0,0,0,0.8857593734307952,F,primary,0-5,-1.4276810263709938,-0.7218397547786817,-0.9819805060619656,-1.2009536350045298,0.21233333333333335
6216,Adult,random-8,5,1.36,16.32,0.721,8.652,0.639,7.668,0.713,8.556000000000001,0.639,3,15.953,CM25,M-F19-C01,27,26m;25d,F,5,primary,primary,32539,09:29:48,0,17.1,19.3,4,unknown,Southern Mexico,no,agriculturalist,NA,16.1,23.63,1.1,7,12.305825178887165,4.573850796769731,1.523883926754995,3.0550504633038935,9.496666666666666,18.53527777777778,8,0.4698529411764706,1,1,1,1,1,0.8857593734307952,F,primary,0-5,-1.4276810263709938,-0.7218397547786817,-0.9819805060619656,0.8910301162936832,0.32941666666666664
6216,Child,random-8,5,0.018,0.216,0.018,0.216,0,0,0,0,0.639,1,15.953,CM25,M-F19-C01,27,26m;25d,F,5,primary,primary,32539,09:29:48,0,17.1,19.3,4,unknown,Southern Mexico,no,agriculturalist,NA,16.1,23.63,1.1,7,12.305825178887165,4.573850796769731,1.523883926754995,3.0550504633038935,9.496666666666666,18.53527777777778,8,0,0,1,1,0,0,0.8857593734307952,F,primary,0-5,-1.4276810263709938,-0.7218397547786817,-0.9819805060619656,-0.5036257179051254,0.32941666666666664
6216,Adult,random-9,5,4.012,48.14399999999999,3.928,47.135999999999996,0.085,1.02,0.085,1.02,0.085,4,17.383,CM25,M-F19-C01,27,26m;25d,F,5,primary,primary,32539,09:29:48,0,17.1,19.3,4,unknown,Southern Mexico,no,agriculturalist,NA,16.1,23.63,1.1,7,12.305825178887165,4.573850796769731,1.523883926754995,3.0550504633038935,9.496666666666666,18.53527777777778,8,0.021186440677966104,1,1,1,1,1,0.8857593734307952,F,primary,0-5,-1.4276810263709938,-0.7218397547786817,-0.9819805060619656,1.5883580333930876,0.4485833333333333
6216,Child,random-9,5,0,0,0,0,0,0,0,0,0.085,0,17.383,CM25,M-F19-C01,27,26m;25d,F,5,primary,primary,32539,09:29:48,0,17.1,19.3,4,unknown,Southern Mexico,no,agriculturalist,NA,16.1,23.63,1.1,7,12.305825178887165,4.573850796769731,1.523883926754995,3.0550504633038935,9.496666666666666,18.53527777777778,8,NaN,0,0,0,0,0,0.8857593734307952,F,primary,0-5,-1.4276810263709938,-0.7218397547786817,-0.9819805060619656,-1.2009536350045298,0.4485833333333333
7176,Adult,random-1,5,1.033,12.395999999999999,0.857,10.283999999999999,0.176,2.1119999999999997,0.705,8.459999999999999,0.241,2,8.874,CM07,M-F05-C01,4,03m;18d,M,12,preparatory,preparatory,34852,08:24:07,1,21.6,25.5,8,unknown,Southern Mexico,no,agriculturalist,NA,16.1,23.63,1.1,7,12.305825178887165,4.573850796769731,1.523883926754995,3.0550504633038935,8.401944444444444,18.083055555555553,2,0.17037754114230397,0.7302904564315352,1,1,1,1,-0.9832741668360206,M,preparatory,6+,-0.44382733285346326,-0.06562179588897112,0.32732683535398854,0.19370219919427892,-0.26049999999999995
7176,Child,random-1,5,2.848,34.176,2.783,33.396,0.065,0.78,1.775,21.299999999999997,0.241,3,8.874,CM07,M-F05-C01,4,03m;18d,M,12,preparatory,preparatory,34852,08:24:07,1,21.6,25.5,8,unknown,Southern Mexico,no,agriculturalist,NA,16.1,23.63,1.1,7,12.305825178887165,4.573850796769731,1.523883926754995,3.0550504633038935,8.401944444444444,18.083055555555553,2,0.02282303370786517,0.26970954356846477,1,1,1,1,-0.9832741668360206,M,preparatory,6+,-0.44382733285346326,-0.06562179588897112,0.32732683535398854,0.8910301162936832,-0.26049999999999995
7176,Adult,random-2,5,0,0,0,0,0,0,0,0,0,0,10.393,CM07,M-F05-C01,4,03m;18d,M,12,preparatory,preparatory,34852,08:24:07,1,21.6,25.5,8,unknown,Southern Mexico,no,agriculturalist,NA,16.1,23.63,1.1,7,12.305825178887165,4.573850796769731,1.523883926754995,3.0550504633038935,8.401944444444444,18.083055555555553,2,NaN,NaN,0,0,0,0,-0.9832741668360206,M,preparatory,6+,-0.44382733285346326,-0.06562179588897112,0.32732683535398854,-1.2009536350045298,-0.1339166666666666
7176,Child,random-2,5,0,0,0,0,0,0,0,0,0,0,10.393,CM07,M-F05-C01,4,03m;18d,M,12,preparatory,preparatory,34852,08:24:07,1,21.6,25.5,8,unknown,Southern Mexico,no,agriculturalist,NA,16.1,23.63,1.1,7,12.305825178887165,4.573850796769731,1.523883926754995,3.0550504633038935,8.401944444444444,18.083055555555553,2,NaN,NaN,0,0,0,0,-0.9832741668360206,M,preparatory,6+,-0.44382733285346326,-0.06562179588897112,0.32732683535398854,-1.2009536350045298,-0.1339166666666666
7176,Adult,random-3,5,0,0,0,0,0,0,0,0,0,0,10.533,CM07,M-F05-C01,4,03m;18d,M,12,preparatory,preparatory,34852,08:24:07,1,21.6,25.5,8,unknown,Southern Mexico,no,agriculturalist,NA,16.1,23.63,1.1,7,12.305825178887165,4.573850796769731,1.523883926754995,3.0550504633038935,8.401944444444444,18.083055555555553,2,NaN,NaN,0,0,0,0,-0.9832741668360206,M,preparatory,6+,-0.44382733285346326,-0.06562179588897112,0.32732683535398854,-1.2009536350045298,-0.12225000000000004
7176,Child,random-3,5,0,0,0,0,0,0,0,0,0,0,10.533,CM07,M-F05-C01,4,03m;18d,M,12,preparatory,preparatory,34852,08:24:07,1,21.6,25.5,8,unknown,Southern Mexico,no,agriculturalist,NA,16.1,23.63,1.1,7,12.305825178887165,4.573850796769731,1.523883926754995,3.0550504633038935,8.401944444444444,18.083055555555553,2,NaN,NaN,0,0,0,0,-0.9832741668360206,M,preparatory,6+,-0.44382733285346326,-0.06562179588897112,0.32732683535398854,-1.2009536350045298,-0.12225000000000004
7176,Adult,random-4,5,0,0,0,0,0,0,0,0,0,0,11.168,CM07,M-F05-C01,4,03m;18d,M,12,preparatory,preparatory,34852,08:24:07,1,21.6,25.5,8,unknown,Southern Mexico,no,agriculturalist,NA,16.1,23.63,1.1,7,12.305825178887165,4.573850796769731,1.523883926754995,3.0550504633038935,8.401944444444444,18.083055555555553,2,NaN,NaN,0,0,0,0,-0.9832741668360206,M,preparatory,6+,-0.44382733285346326,-0.06562179588897112,0.32732683535398854,-1.2009536350045298,-0.0693333333333334
7176,Child,random-4,5,0,0,0,0,0,0,0,0,0,0,11.168,CM07,M-F05-C01,4,03m;18d,M,12,preparatory,preparatory,34852,08:24:07,1,21.6,25.5,8,unknown,Southern Mexico,no,agriculturalist,NA,16.1,23.63,1.1,7,12.305825178887165,4.573850796769731,1.523883926754995,3.0550504633038935,8.401944444444444,18.083055555555553,2,NaN,NaN,0,0,0,0,-0.9832741668360206,M,preparatory,6+,-0.44382733285346326,-0.06562179588897112,0.32732683535398854,-1.2009536350045298,-0.0693333333333334
7176,Adult,random-5,5,0,0,0,0,0,0,0,0,0,0,12.707,CM07,M-F05-C01,4,03m;18d,M,12,preparatory,preparatory,34852,08:24:07,1,21.6,25.5,8,unknown,Southern Mexico,no,agriculturalist,NA,16.1,23.63,1.1,7,12.305825178887165,4.573850796769731,1.523883926754995,3.0550504633038935,8.401944444444444,18.083055555555553,2,NaN,NaN,0,0,0,0,-0.9832741668360206,M,preparatory,6+,-0.44382733285346326,-0.06562179588897112,0.32732683535398854,-1.2009536350045298,0.05891666666666673
7176,Child,random-5,5,0,0,0,0,0,0,0,0,0,0,12.707,CM07,M-F05-C01,4,03m;18d,M,12,preparatory,preparatory,34852,08:24:07,1,21.6,25.5,8,unknown,Southern Mexico,no,agriculturalist,NA,16.1,23.63,1.1,7,12.305825178887165,4.573850796769731,1.523883926754995,3.0550504633038935,8.401944444444444,18.083055555555553,2,NaN,NaN,0,0,0,0,-0.9832741668360206,M,preparatory,6+,-0.44382733285346326,-0.06562179588897112,0.32732683535398854,-1.2009536350045298,0.05891666666666673
7176,Adult,random-6,5,0,0,0,0,0,0,0,0,0,0,13.046,CM07,M-F05-C01,4,03m;18d,M,12,preparatory,preparatory,34852,08:24:07,1,21.6,25.5,8,unknown,Southern Mexico,no,agriculturalist,NA,16.1,23.63,1.1,7,12.305825178887165,4.573850796769731,1.523883926754995,3.0550504633038935,8.401944444444444,18.083055555555553,2,NaN,NaN,0,0,0,0,-0.9832741668360206,M,preparatory,6+,-0.44382733285346326,-0.06562179588897112,0.32732683535398854,-1.2009536350045298,0.08716666666666661
7176,Child,random-6,5,0,0,0,0,0,0,0,0,0,0,13.046,CM07,M-F05-C01,4,03m;18d,M,12,preparatory,preparatory,34852,08:24:07,1,21.6,25.5,8,unknown,Southern Mexico,no,agriculturalist,NA,16.1,23.63,1.1,7,12.305825178887165,4.573850796769731,1.523883926754995,3.0550504633038935,8.401944444444444,18.083055555555553,2,NaN,NaN,0,0,0,0,-0.9832741668360206,M,preparatory,6+,-0.44382733285346326,-0.06562179588897112,0.32732683535398854,-1.2009536350045298,0.08716666666666661
7176,Adult,random-7,5,1.953,23.436,1.953,23.436,0,0,0.449,5.388,0,3,16.617,CM07,M-F05-C01,4,03m;18d,M,12,preparatory,preparatory,34852,08:24:07,1,21.6,25.5,8,unknown,Southern Mexico,no,agriculturalist,NA,16.1,23.63,1.1,7,12.305825178887165,4.573850796769731,1.523883926754995,3.0550504633038935,8.401944444444444,18.083055555555553,2,0,NaN,1,1,0,1,-0.9832741668360206,M,preparatory,6+,-0.44382733285346326,-0.06562179588897112,0.32732683535398854,0.8910301162936832,0.3847500000000001
7176,Child,random-7,5,0.46,5.52,0.46,5.52,0,0,0,0,0,3,16.617,CM07,M-F05-C01,4,03m;18d,M,12,preparatory,preparatory,34852,08:24:07,1,21.6,25.5,8,unknown,Southern Mexico,no,agriculturalist,NA,16.1,23.63,1.1,7,12.305825178887165,4.573850796769731,1.523883926754995,3.0550504633038935,8.401944444444444,18.083055555555553,2,0,NaN,1,1,0,0,-0.9832741668360206,M,preparatory,6+,-0.44382733285346326,-0.06562179588897112,0.32732683535398854,0.8910301162936832,0.3847500000000001
7176,Adult,random-8,5,3.378,40.536,2.804,33.647999999999996,0.574,6.887999999999999,0.818,9.815999999999999,0.574,3,16.776,CM07,M-F05-C01,4,03m;18d,M,12,preparatory,preparatory,34852,08:24:07,1,21.6,25.5,8,unknown,Southern Mexico,no,agriculturalist,NA,16.1,23.63,1.1,7,12.305825178887165,4.573850796769731,1.523883926754995,3.0550504633038935,8.401944444444444,18.083055555555553,2,0.16992303137951448,1,1,1,1,1,-0.9832741668360206,M,preparatory,6+,-0.44382733285346326,-0.06562179588897112,0.32732683535398854,0.8910301162936832,0.39799999999999996
7176,Child,random-8,5,0.571,6.851999999999999,0.571,6.851999999999999,0,0,0.044,0.5279999999999999,0.574,3,16.776,CM07,M-F05-C01,4,03m;18d,M,12,preparatory,preparatory,34852,08:24:07,1,21.6,25.5,8,unknown,Southern Mexico,no,agriculturalist,NA,16.1,23.63,1.1,7,12.305825178887165,4.573850796769731,1.523883926754995,3.0550504633038935,8.401944444444444,18.083055555555553,2,0,0,1,1,0,1,-0.9832741668360206,M,preparatory,6+,-0.44382733285346326,-0.06562179588897112,0.32732683535398854,0.8910301162936832,0.39799999999999996
7176,Adult,random-9,5,2.932,35.184000000000005,2.932,35.184000000000005,0,0,0.312,3.7439999999999998,0,4,17.249,CM07,M-F05-C01,4,03m;18d,M,12,preparatory,preparatory,34852,08:24:07,1,21.6,25.5,8,unknown,Southern Mexico,no,agriculturalist,NA,16.1,23.63,1.1,7,12.305825178887165,4.573850796769731,1.523883926754995,3.0550504633038935,8.401944444444444,18.083055555555553,2,0,NaN,1,1,0,1,-0.9832741668360206,M,preparatory,6+,-0.44382733285346326,-0.06562179588897112,0.32732683535398854,1.5883580333930876,0.43741666666666656
7176,Child,random-9,5,1.199,14.388000000000002,1.199,14.388000000000002,0,0,0.255,3.06,0,2,17.249,CM07,M-F05-C01,4,03m;18d,M,12,preparatory,preparatory,34852,08:24:07,1,21.6,25.5,8,unknown,Southern Mexico,no,agriculturalist,NA,16.1,23.63,1.1,7,12.305825178887165,4.573850796769731,1.523883926754995,3.0550504633038935,8.401944444444444,18.083055555555553,2,0,NaN,1,1,0,1,-0.9832741668360206,M,preparatory,6+,-0.44382733285346326,-0.06562179588897112,0.32732683535398854,0.19370219919427892,0.43741666666666656
7220,Adult,random-1,5,3.945,47.339999999999996,3.502,42.023999999999994,0.443,5.316,0.558,6.696000000000001,1.995,3,9.091,CM17,M-F13-C01,22,22m;03d,F,12,preparatory,preparatory,35502,08:31:53,1,30.6,24.6,8,unknown,Southern Mexico,no,agriculturalist,NA,16.1,23.63,1.1,7,12.305825178887165,4.573850796769731,1.523883926754995,3.0550504633038935,8.53138888888889,18.393055555555556,7,0.11229404309252218,0.22205513784461153,1,1,1,1,0.479447734242357,F,preparatory,6+,1.5238800541815978,-0.06562179588897112,0.32732683535398854,0.8910301162936832,-0.24241666666666672
7220,Child,random-1,5,3.074,36.888,1.522,18.264,1.552,18.624000000000002,2.412,28.944,1.995,2,9.091,CM17,M-F13-C01,22,22m;03d,F,12,preparatory,preparatory,35502,08:31:53,1,30.6,24.6,8,unknown,Southern Mexico,no,agriculturalist,NA,16.1,23.63,1.1,7,12.305825178887165,4.573850796769731,1.523883926754995,3.0550504633038935,8.53138888888889,18.393055555555556,7,0.5048796356538712,0.7779448621553885,1,1,1,1,0.479447734242357,F,preparatory,6+,1.5238800541815978,-0.06562179588897112,0.32732683535398854,0.19370219919427892,-0.24241666666666672
7220,Adult,random-2,5,3.847,46.164,3.712,44.544000000000004,0.134,1.608,0.24,2.88,1.831,3,9.2,CM17,M-F13-C01,22,22m;03d,F,12,preparatory,preparatory,35502,08:31:53,1,30.6,24.6,8,unknown,Southern Mexico,no,agriculturalist,NA,16.1,23.63,1.1,7,12.305825178887165,4.573850796769731,1.523883926754995,3.0550504633038935,8.53138888888889,18.393055555555556,7,0.03483233688588511,0.07318405243036592,1,1,1,1,0.479447734242357,F,preparatory,6+,1.5238800541815978,-0.06562179588897112,0.32732683535398854,0.8910301162936832,-0.2333333333333334
7220,Child,random-2,5,2.189,26.268,0.493,5.9159999999999995,1.697,20.364,1.874,22.488,1.831,3,9.2,CM17,M-F13-C01,22,22m;03d,F,12,preparatory,preparatory,35502,08:31:53,1,30.6,24.6,8,unknown,Southern Mexico,no,agriculturalist,NA,16.1,23.63,1.1,7,12.305825178887165,4.573850796769731,1.523883926754995,3.0550504633038935,8.53138888888889,18.393055555555556,7,0.7752398355413431,0.9268159475696341,1,1,1,1,0.479447734242357,F,preparatory,6+,1.5238800541815978,-0.06562179588897112,0.32732683535398854,0.8910301162936832,-0.2333333333333334
7220,Adult,random-3,5,2.532,30.383999999999997,2.401,28.811999999999998,0.131,1.572,0.194,2.3280000000000003,0.131,3,10.23,CM17,M-F13-C01,22,22m;03d,F,12,preparatory,preparatory,35502,08:31:53,1,30.6,24.6,8,unknown,Southern Mexico,no,agriculturalist,NA,16.1,23.63,1.1,7,12.305825178887165,4.573850796769731,1.523883926754995,3.0550504633038935,8.53138888888889,18.393055555555556,7,0.051737756714060036,1,1,1,1,1,0.479447734242357,F,preparatory,6+,1.5238800541815978,-0.06562179588897112,0.32732683535398854,0.8910301162936832,-0.14749999999999996
7220,Child,random-3,5,1.283,15.395999999999999,1.283,15.395999999999999,0,0,1.013,12.155999999999999,0.131,2,10.23,CM17,M-F13-C01,22,22m;03d,F,12,preparatory,preparatory,35502,08:31:53,1,30.6,24.6,8,unknown,Southern Mexico,no,agriculturalist,NA,16.1,23.63,1.1,7,12.305825178887165,4.573850796769731,1.523883926754995,3.0550504633038935,8.53138888888889,18.393055555555556,7,0,0,1,1,0,1,0.479447734242357,F,preparatory,6+,1.5238800541815978,-0.06562179588897112,0.32732683535398854,0.19370219919427892,-0.14749999999999996
7220,Adult,random-4,5,5.214,62.56800000000001,5.214,62.56800000000001,0,0,0,0,0,2,11.34,CM17,M-F13-C01,22,22m;03d,F,12,preparatory,preparatory,35502,08:31:53,1,30.6,24.6,8,unknown,Southern Mexico,no,agriculturalist,NA,16.1,23.63,1.1,7,12.305825178887165,4.573850796769731,1.523883926754995,3.0550504633038935,8.53138888888889,18.393055555555556,7,0,NaN,1,1,0,0,0.479447734242357,F,preparatory,6+,1.5238800541815978,-0.06562179588897112,0.32732683535398854,0.19370219919427892,-0.055000000000000014
7220,Child,random-4,5,0.195,2.34,0.195,2.34,0,0,0.122,1.464,0,3,11.34,CM17,M-F13-C01,22,22m;03d,F,12,preparatory,preparatory,35502,08:31:53,1,30.6,24.6,8,unknown,Southern Mexico,no,agriculturalist,NA,16.1,23.63,1.1,7,12.305825178887165,4.573850796769731,1.523883926754995,3.0550504633038935,8.53138888888889,18.393055555555556,7,0,NaN,1,1,0,1,0.479447734242357,F,preparatory,6+,1.5238800541815978,-0.06562179588897112,0.32732683535398854,0.8910301162936832,-0.055000000000000014
7220,Adult,random-5,5,1.258,15.096,0.956,11.472,0.302,3.6239999999999997,0.755,9.06,0.302,3,12.819,CM17,M-F13-C01,22,22m;03d,F,12,preparatory,preparatory,35502,08:31:53,1,30.6,24.6,8,unknown,Southern Mexico,no,agriculturalist,NA,16.1,23.63,1.1,7,12.305825178887165,4.573850796769731,1.523883926754995,3.0550504633038935,8.53138888888889,18.393055555555556,7,0.24006359300476945,1,1,1,1,1,0.479447734242357,F,preparatory,6+,1.5238800541815978,-0.06562179588897112,0.32732683535398854,0.8910301162936832,0.06825000000000007
7220,Child,random-5,5,0.652,7.824000000000001,0.652,7.824000000000001,0,0,0.024,0.28800000000000003,0.302,3,12.819,CM17,M-F13-C01,22,22m;03d,F,12,preparatory,preparatory,35502,08:31:53,1,30.6,24.6,8,unknown,Southern Mexico,no,agriculturalist,NA,16.1,23.63,1.1,7,12.305825178887165,4.573850796769731,1.523883926754995,3.0550504633038935,8.53138888888889,18.393055555555556,7,0,0,1,1,0,1,0.479447734242357,F,preparatory,6+,1.5238800541815978,-0.06562179588897112,0.32732683535398854,0.8910301162936832,0.06825000000000007
7220,Adult,random-6,5,4.422,53.064,4.422,53.064,0,0,0,0,0,2,13.168,CM17,M-F13-C01,22,22m;03d,F,12,preparatory,preparatory,35502,08:31:53,1,30.6,24.6,8,unknown,Southern Mexico,no,agriculturalist,NA,16.1,23.63,1.1,7,12.305825178887165,4.573850796769731,1.523883926754995,3.0550504633038935,8.53138888888889,18.393055555555556,7,0,NaN,1,1,0,0,0.479447734242357,F,preparatory,6+,1.5238800541815978,-0.06562179588897112,0.32732683535398854,0.19370219919427892,0.09733333333333327
7220,Child,random-6,5,0.05,0.6,0.05,0.6,0,0,0,0,0,1,13.168,CM17,M-F13-C01,22,22m;03d,F,12,preparatory,preparatory,35502,08:31:53,1,30.6,24.6,8,unknown,Southern Mexico,no,agriculturalist,NA,16.1,23.63,1.1,7,12.305825178887165,4.573850796769731,1.523883926754995,3.0550504633038935,8.53138888888889,18.393055555555556,7,0,NaN,1,1,0,0,0.479447734242357,F,preparatory,6+,1.5238800541815978,-0.06562179588897112,0.32732683535398854,-0.5036257179051254,0.09733333333333327
7220,Adult,random-7,5,0.011,0.13199999999999998,0.011,0.13199999999999998,0,0,0.011,0.13199999999999998,0,1,13.687,CM17,M-F13-C01,22,22m;03d,F,12,preparatory,preparatory,35502,08:31:53,1,30.6,24.6,8,unknown,Southern Mexico,no,agriculturalist,NA,16.1,23.63,1.1,7,12.305825178887165,4.573850796769731,1.523883926754995,3.0550504633038935,8.53138888888889,18.393055555555556,7,0,NaN,1,1,0,1,0.479447734242357,F,preparatory,6+,1.5238800541815978,-0.06562179588897112,0.32732683535398854,-0.5036257179051254,0.14058333333333328
7220,Child,random-7,5,0.042,0.5040000000000001,0.042,0.5040000000000001,0,0,0,0,0,1,13.687,CM17,M-F13-C01,22,22m;03d,F,12,preparatory,preparatory,35502,08:31:53,1,30.6,24.6,8,unknown,Southern Mexico,no,agriculturalist,NA,16.1,23.63,1.1,7,12.305825178887165,4.573850796769731,1.523883926754995,3.0550504633038935,8.53138888888889,18.393055555555556,7,0,NaN,1,1,0,0,0.479447734242357,F,preparatory,6+,1.5238800541815978,-0.06562179588897112,0.32732683535398854,-0.5036257179051254,0.14058333333333328
7220,Adult,random-8,5,3.935,47.22,3.935,47.22,0,0,0.022,0.26399999999999996,0,2,14.78,CM17,M-F13-C01,22,22m;03d,F,12,preparatory,preparatory,35502,08:31:53,1,30.6,24.6,8,unknown,Southern Mexico,no,agriculturalist,NA,16.1,23.63,1.1,7,12.305825178887165,4.573850796769731,1.523883926754995,3.0550504633038935,8.53138888888889,18.393055555555556,7,0,NaN,1,1,0,1,0.479447734242357,F,preparatory,6+,1.5238800541815978,-0.06562179588897112,0.32732683535398854,0.19370219919427892,0.2316666666666666
7220,Child,random-8,5,0.137,1.6440000000000001,0.137,1.6440000000000001,0,0,0.04,0.48,0,2,14.78,CM17,M-F13-C01,22,22m;03d,F,12,preparatory,preparatory,35502,08:31:53,1,30.6,24.6,8,unknown,Southern Mexico,no,agriculturalist,NA,16.1,23.63,1.1,7,12.305825178887165,4.573850796769731,1.523883926754995,3.0550504633038935,8.53138888888889,18.393055555555556,7,0,NaN,1,1,0,1,0.479447734242357,F,preparatory,6+,1.5238800541815978,-0.06562179588897112,0.32732683535398854,0.19370219919427892,0.2316666666666666
7220,Adult,random-9,5,1.835,22.02,1.835,22.02,0,0,0.033,0.396,0.09,4,17.028,CM17,M-F13-C01,22,22m;03d,F,12,preparatory,preparatory,35502,08:31:53,1,30.6,24.6,8,unknown,Southern Mexico,no,agriculturalist,NA,16.1,23.63,1.1,7,12.305825178887165,4.573850796769731,1.523883926754995,3.0550504633038935,8.53138888888889,18.393055555555556,7,0,0,1,1,0,1,0.479447734242357,F,preparatory,6+,1.5238800541815978,-0.06562179588897112,0.32732683535398854,1.5883580333930876,0.4189999999999999
7220,Child,random-9,5,1.827,21.924,1.737,20.844,0.09,1.0799999999999998,1.662,19.944,0.09,3,17.028,CM17,M-F13-C01,22,22m;03d,F,12,preparatory,preparatory,35502,08:31:53,1,30.6,24.6,8,unknown,Southern Mexico,no,agriculturalist,NA,16.1,23.63,1.1,7,12.305825178887165,4.573850796769731,1.523883926754995,3.0550504633038935,8.53138888888889,18.393055555555556,7,0.04926108374384237,1,1,1,1,1,0.479447734242357,F,preparatory,6+,1.5238800541815978,-0.06562179588897112,0.32732683535398854,0.8910301162936832,0.4189999999999999
7326,Adult,random-1,5,5.151,61.812,5.121,61.452,0.03,0.36,0.189,2.268,0.03,6,10.415,CM04,M-F03-C01,14,14m;10d,M,0,none,primary,32899,09:21:53,0,20.6,35.6,8,unknown,Southern Mexico,no,agriculturalist,Parental DOBs estimated,16.1,23.63,1.1,7,12.305825178887165,4.573850796769731,1.523883926754995,3.0550504633038935,9.364722222222222,18.50333333333333,6,0.005824111822947,1,1,1,1,1,-0.17065088845914417,M,none,0-5,-0.6624614869684701,-0.7218397547786817,0.32732683535398854,2.9830138675918962,-0.1320833333333334
7326,Child,random-1,5,0.643,7.715999999999999,0.643,7.715999999999999,0,0,0.174,2.088,0.03,2,10.415,CM04,M-F03-C01,14,14m;10d,M,0,none,primary,32899,09:21:53,0,20.6,35.6,8,unknown,Southern Mexico,no,agriculturalist,Parental DOBs estimated,16.1,23.63,1.1,7,12.305825178887165,4.573850796769731,1.523883926754995,3.0550504633038935,9.364722222222222,18.50333333333333,6,0,0,1,1,0,1,-0.17065088845914417,M,none,0-5,-0.6624614869684701,-0.7218397547786817,0.32732683535398854,0.19370219919427892,-0.1320833333333334
7326,Adult,random-2,5,0.56,6.720000000000001,0.093,1.1159999999999999,0.467,5.604000000000001,0.502,6.024,0.55,1,11.286,CM04,M-F03-C01,14,14m;10d,M,0,none,primary,32899,09:21:53,0,20.6,35.6,8,unknown,Southern Mexico,no,agriculturalist,Parental DOBs estimated,16.1,23.63,1.1,7,12.305825178887165,4.573850796769731,1.523883926754995,3.0550504633038935,9.364722222222222,18.50333333333333,6,0.8339285714285714,0.8490909090909091,1,1,1,1,-0.17065088845914417,M,none,0-5,-0.6624614869684701,-0.7218397547786817,0.32732683535398854,-0.5036257179051254,-0.05950000000000003
7326,Child,random-2,5,0.466,5.5920000000000005,0.383,4.596,0.083,0.996,0.289,3.468,0.55,2,11.286,CM04,M-F03-C01,14,14m;10d,M,0,none,primary,32899,09:21:53,0,20.6,35.6,8,unknown,Southern Mexico,no,agriculturalist,Parental DOBs estimated,16.1,23.63,1.1,7,12.305825178887165,4.573850796769731,1.523883926754995,3.0550504633038935,9.364722222222222,18.50333333333333,6,0.1781115879828326,0.1509090909090909,1,1,1,1,-0.17065088845914417,M,none,0-5,-0.6624614869684701,-0.7218397547786817,0.32732683535398854,0.19370219919427892,-0.05950000000000003
7326,Adult,random-3,5,2.514,30.167999999999996,2.474,29.688000000000002,0.04,0.48,0.079,0.9480000000000001,0.04,4,12.081,CM04,M-F03-C01,14,14m;10d,M,0,none,primary,32899,09:21:53,0,20.6,35.6,8,unknown,Southern Mexico,no,agriculturalist,Parental DOBs estimated,16.1,23.63,1.1,7,12.305825178887165,4.573850796769731,1.523883926754995,3.0550504633038935,9.364722222222222,18.50333333333333,6,0.015910898965791568,1,1,1,1,1,-0.17065088845914417,M,none,0-5,-0.6624614869684701,-0.7218397547786817,0.32732683535398854,1.5883580333930876,0.00674999999999996
7326,Child,random-3,5,0.21,2.5199999999999996,0.21,2.5199999999999996,0,0,0.049,0.588,0.04,2,12.081,CM04,M-F03-C01,14,14m;10d,M,0,none,primary,32899,09:21:53,0,20.6,35.6,8,unknown,Southern Mexico,no,agriculturalist,Parental DOBs estimated,16.1,23.63,1.1,7,12.305825178887165,4.573850796769731,1.523883926754995,3.0550504633038935,9.364722222222222,18.50333333333333,6,0,0,1,1,0,1,-0.17065088845914417,M,none,0-5,-0.6624614869684701,-0.7218397547786817,0.32732683535398854,0.19370219919427892,0.00674999999999996
7326,Adult,random-4,5,0,0,0,0,0,0,0,0,0,0,12.774,CM04,M-F03-C01,14,14m;10d,M,0,none,primary,32899,09:21:53,0,20.6,35.6,8,unknown,Southern Mexico,no,agriculturalist,Parental DOBs estimated,16.1,23.63,1.1,7,12.305825178887165,4.573850796769731,1.523883926754995,3.0550504633038935,9.364722222222222,18.50333333333333,6,NaN,NaN,0,0,0,0,-0.17065088845914417,M,none,0-5,-0.6624614869684701,-0.7218397547786817,0.32732683535398854,-1.2009536350045298,0.06449999999999993
7326,Child,random-4,5,0,0,0,0,0,0,0,0,0,0,12.774,CM04,M-F03-C01,14,14m;10d,M,0,none,primary,32899,09:21:53,0,20.6,35.6,8,unknown,Southern Mexico,no,agriculturalist,Parental DOBs estimated,16.1,23.63,1.1,7,12.305825178887165,4.573850796769731,1.523883926754995,3.0550504633038935,9.364722222222222,18.50333333333333,6,NaN,NaN,0,0,0,0,-0.17065088845914417,M,none,0-5,-0.6624614869684701,-0.7218397547786817,0.32732683535398854,-1.2009536350045298,0.06449999999999993
7326,Adult,random-5,5,1.483,17.796000000000003,0.685,8.22,0.798,9.576,1.137,13.644,0.798,2,13.486,CM04,M-F03-C01,14,14m;10d,M,0,none,primary,32899,09:21:53,0,20.6,35.6,8,unknown,Southern Mexico,no,agriculturalist,Parental DOBs estimated,16.1,23.63,1.1,7,12.305825178887165,4.573850796769731,1.523883926754995,3.0550504633038935,9.364722222222222,18.50333333333333,6,0.5380984490896831,1,1,1,1,1,-0.17065088845914417,M,none,0-5,-0.6624614869684701,-0.7218397547786817,0.32732683535398854,0.19370219919427892,0.12383333333333339
7326,Child,random-5,5,1.047,12.563999999999998,1.047,12.563999999999998,0,0,0,0,0.798,1,13.486,CM04,M-F03-C01,14,14m;10d,M,0,none,primary,32899,09:21:53,0,20.6,35.6,8,unknown,Southern Mexico,no,agriculturalist,Parental DOBs estimated,16.1,23.63,1.1,7,12.305825178887165,4.573850796769731,1.523883926754995,3.0550504633038935,9.364722222222222,18.50333333333333,6,0,0,1,1,0,0,-0.17065088845914417,M,none,0-5,-0.6624614869684701,-0.7218397547786817,0.32732683535398854,-0.5036257179051254,0.12383333333333339
7326,Adult,random-6,5,1.283,15.395999999999999,0.418,5.016,0.866,10.392,1.208,14.495999999999999,0.885,1,14.463,CM04,M-F03-C01,14,14m;10d,M,0,none,primary,32899,09:21:53,0,20.6,35.6,8,unknown,Southern Mexico,no,agriculturalist,Parental DOBs estimated,16.1,23.63,1.1,7,12.305825178887165,4.573850796769731,1.523883926754995,3.0550504633038935,9.364722222222222,18.50333333333333,6,0.6749805144193297,0.9785310734463276,1,1,1,1,-0.17065088845914417,M,none,0-5,-0.6624614869684701,-0.7218397547786817,0.32732683535398854,-0.5036257179051254,0.20524999999999993
7326,Child,random-6,5,0.376,4.5120000000000005,0.357,4.284,0.019,0.228,0.041,0.49200000000000005,0.885,2,14.463,CM04,M-F03-C01,14,14m;10d,M,0,none,primary,32899,09:21:53,0,20.6,35.6,8,unknown,Southern Mexico,no,agriculturalist,Parental DOBs estimated,16.1,23.63,1.1,7,12.305825178887165,4.573850796769731,1.523883926754995,3.0550504633038935,9.364722222222222,18.50333333333333,6,0.05053191489361702,0.021468926553672316,1,1,1,1,-0.17065088845914417,M,none,0-5,-0.6624614869684701,-0.7218397547786817,0.32732683535398854,0.19370219919427892,0.20524999999999993
7326,Adult,random-7,5,0,0,0,0,0,0,0,0,0,0,15.786,CM04,M-F03-C01,14,14m;10d,M,0,none,primary,32899,09:21:53,0,20.6,35.6,8,unknown,Southern Mexico,no,agriculturalist,Parental DOBs estimated,16.1,23.63,1.1,7,12.305825178887165,4.573850796769731,1.523883926754995,3.0550504633038935,9.364722222222222,18.50333333333333,6,NaN,NaN,0,0,0,0,-0.17065088845914417,M,none,0-5,-0.6624614869684701,-0.7218397547786817,0.32732683535398854,-1.2009536350045298,0.31549999999999995
7326,Child,random-7,5,0,0,0,0,0,0,0,0,0,0,15.786,CM04,M-F03-C01,14,14m;10d,M,0,none,primary,32899,09:21:53,0,20.6,35.6,8,unknown,Southern Mexico,no,agriculturalist,Parental DOBs estimated,16.1,23.63,1.1,7,12.305825178887165,4.573850796769731,1.523883926754995,3.0550504633038935,9.364722222222222,18.50333333333333,6,NaN,NaN,0,0,0,0,-0.17065088845914417,M,none,0-5,-0.6624614869684701,-0.7218397547786817,0.32732683535398854,-1.2009536350045298,0.31549999999999995
7326,Adult,random-8,5,0.108,1.296,0,0,0.108,1.296,0.108,1.296,0.108,1,16.864,CM04,M-F03-C01,14,14m;10d,M,0,none,primary,32899,09:21:53,0,20.6,35.6,8,unknown,Southern Mexico,no,agriculturalist,Parental DOBs estimated,16.1,23.63,1.1,7,12.305825178887165,4.573850796769731,1.523883926754995,3.0550504633038935,9.364722222222222,18.50333333333333,6,1,1,1,0,1,1,-0.17065088845914417,M,none,0-5,-0.6624614869684701,-0.7218397547786817,0.32732683535398854,-0.5036257179051254,0.4053333333333334
7326,Child,random-8,5,0,0,0,0,0,0,0,0,0.108,0,16.864,CM04,M-F03-C01,14,14m;10d,M,0,none,primary,32899,09:21:53,0,20.6,35.6,8,unknown,Southern Mexico,no,agriculturalist,Parental DOBs estimated,16.1,23.63,1.1,7,12.305825178887165,4.573850796769731,1.523883926754995,3.0550504633038935,9.364722222222222,18.50333333333333,6,NaN,0,0,0,0,0,-0.17065088845914417,M,none,0-5,-0.6624614869684701,-0.7218397547786817,0.32732683535398854,-1.2009536350045298,0.4053333333333334
7326,Adult,random-9,5,1.302,15.624,0.011,0.13199999999999998,1.291,15.491999999999999,1.291,15.491999999999999,1.291,1,16.969,CM04,M-F03-C01,14,14m;10d,M,0,none,primary,32899,09:21:53,0,20.6,35.6,8,unknown,Southern Mexico,no,agriculturalist,Parental DOBs estimated,16.1,23.63,1.1,7,12.305825178887165,4.573850796769731,1.523883926754995,3.0550504633038935,9.364722222222222,18.50333333333333,6,0.9915514592933947,1,1,1,1,1,-0.17065088845914417,M,none,0-5,-0.6624614869684701,-0.7218397547786817,0.32732683535398854,-0.5036257179051254,0.4140833333333334
7326,Child,random-9,5,0,0,0,0,0,0,0,0,1.291,0,16.969,CM04,M-F03-C01,14,14m;10d,M,0,none,primary,32899,09:21:53,0,20.6,35.6,8,unknown,Southern Mexico,no,agriculturalist,Parental DOBs estimated,16.1,23.63,1.1,7,12.305825178887165,4.573850796769731,1.523883926754995,3.0550504633038935,9.364722222222222,18.50333333333333,6,NaN,0,0,0,0,0,-0.17065088845914417,M,none,0-5,-0.6624614869684701,-0.7218397547786817,0.32732683535398854,-1.2009536350045298,0.4140833333333334
8179,Adult,random-1,5,2.09,25.08,2.09,25.08,0,0,0.324,3.888,0,4,8.835,CM11,M-F08-C01,6,05m;29d,F,8,secondary,preparatory,35983,08:24:53,0,17.1,22.1,14,unknown,Southern Mexico,no,agriculturalist,NA,16.1,23.63,1.1,7,12.305825178887165,4.573850796769731,1.523883926754995,3.0550504633038935,8.414722222222222,18.41,3,0,NaN,1,1,0,1,-0.8207495111606453,F,secondary,6+,-1.4276810263709938,-0.7218397547786817,2.29128784747792,1.5883580333930876,-0.26374999999999993
8179,Child,random-1,5,0.969,11.628,0.969,11.628,0,0,0.117,1.4040000000000001,0,2,8.835,CM11,M-F08-C01,6,05m;29d,F,8,secondary,preparatory,35983,08:24:53,0,17.1,22.1,14,unknown,Southern Mexico,no,agriculturalist,NA,16.1,23.63,1.1,7,12.305825178887165,4.573850796769731,1.523883926754995,3.0550504633038935,8.414722222222222,18.41,3,0,NaN,1,1,0,1,-0.8207495111606453,F,secondary,6+,-1.4276810263709938,-0.7218397547786817,2.29128784747792,0.19370219919427892,-0.26374999999999993
8179,Adult,random-2,5,2.251,27.012,2.233,26.796,0.019,0.228,0.185,2.2199999999999998,0.019,5,9.058,CM11,M-F08-C01,6,05m;29d,F,8,secondary,preparatory,35983,08:24:53,0,17.1,22.1,14,unknown,Southern Mexico,no,agriculturalist,NA,16.1,23.63,1.1,7,12.305825178887165,4.573850796769731,1.523883926754995,3.0550504633038935,8.414722222222222,18.41,3,0.008440693025322079,1,1,1,1,1,-0.8207495111606453,F,secondary,6+,-1.4276810263709938,-0.7218397547786817,2.29128784747792,2.285685950492492,-0.24516666666666667
8179,Child,random-2,5,0.748,8.976,0.748,8.976,0,0,0,0,0.019,2,9.058,CM11,M-F08-C01,6,05m;29d,F,8,secondary,preparatory,35983,08:24:53,0,17.1,22.1,14,unknown,Southern Mexico,no,agriculturalist,NA,16.1,23.63,1.1,7,12.305825178887165,4.573850796769731,1.523883926754995,3.0550504633038935,8.414722222222222,18.41,3,0,0,1,1,0,0,-0.8207495111606453,F,secondary,6+,-1.4276810263709938,-0.7218397547786817,2.29128784747792,0.19370219919427892,-0.24516666666666667
8179,Adult,random-3,5,0.223,2.676,0.223,2.676,0,0,0.102,1.224,0.112,4,10.191,CM11,M-F08-C01,6,05m;29d,F,8,secondary,preparatory,35983,08:24:53,0,17.1,22.1,14,unknown,Southern Mexico,no,agriculturalist,NA,16.1,23.63,1.1,7,12.305825178887165,4.573850796769731,1.523883926754995,3.0550504633038935,8.414722222222222,18.41,3,0,0,1,1,0,1,-0.8207495111606453,F,secondary,6+,-1.4276810263709938,-0.7218397547786817,2.29128784747792,1.5883580333930876,-0.15074999999999994
8179,Child,random-3,5,2.331,27.972,2.219,26.628,0.112,1.344,1.388,16.656,0.112,4,10.191,CM11,M-F08-C01,6,05m;29d,F,8,secondary,preparatory,35983,08:24:53,0,17.1,22.1,14,unknown,Southern Mexico,no,agriculturalist,NA,16.1,23.63,1.1,7,12.305825178887165,4.573850796769731,1.523883926754995,3.0550504633038935,8.414722222222222,18.41,3,0.04804804804804805,1,1,1,1,1,-0.8207495111606453,F,secondary,6+,-1.4276810263709938,-0.7218397547786817,2.29128784747792,1.5883580333930876,-0.15074999999999994
8179,Adult,random-4,5,2.66,31.92,2.66,31.92,0,0,0.22,2.6399999999999997,0,6,12.255,CM11,M-F08-C01,6,05m;29d,F,8,secondary,preparatory,35983,08:24:53,0,17.1,22.1,14,unknown,Southern Mexico,no,agriculturalist,NA,16.1,23.63,1.1,7,12.305825178887165,4.573850796769731,1.523883926754995,3.0550504633038935,8.414722222222222,18.41,3,0,NaN,1,1,0,1,-0.8207495111606453,F,secondary,6+,-1.4276810263709938,-0.7218397547786817,2.29128784747792,2.9830138675918962,0.021250000000000064
8179,Child,random-4,5,1.909,22.908,1.909,22.908,0,0,1.052,12.624,0,3,12.255,CM11,M-F08-C01,6,05m;29d,F,8,secondary,preparatory,35983,08:24:53,0,17.1,22.1,14,unknown,Southern Mexico,no,agriculturalist,NA,16.1,23.63,1.1,7,12.305825178887165,4.573850796769731,1.523883926754995,3.0550504633038935,8.414722222222222,18.41,3,0,NaN,1,1,0,1,-0.8207495111606453,F,secondary,6+,-1.4276810263709938,-0.7218397547786817,2.29128784747792,0.8910301162936832,0.021250000000000064
8179,Adult,random-5,5,2.769,33.228,2.769,33.228,0,0,0.515,6.180000000000001,0.088,5,12.929,CM11,M-F08-C01,6,05m;29d,F,8,secondary,preparatory,35983,08:24:53,0,17.1,22.1,14,unknown,Southern Mexico,no,agriculturalist,NA,16.1,23.63,1.1,7,12.305825178887165,4.573850796769731,1.523883926754995,3.0550504633038935,8.414722222222222,18.41,3,0,0,1,1,0,1,-0.8207495111606453,F,secondary,6+,-1.4276810263709938,-0.7218397547786817,2.29128784747792,2.285685950492492,0.07741666666666669
8179,Child,random-5,5,3.349,40.188,3.262,39.144,0.088,1.0559999999999998,1.428,17.136,0.088,5,12.929,CM11,M-F08-C01,6,05m;29d,F,8,secondary,preparatory,35983,08:24:53,0,17.1,22.1,14,unknown,Southern Mexico,no,agriculturalist,NA,16.1,23.63,1.1,7,12.305825178887165,4.573850796769731,1.523883926754995,3.0550504633038935,8.414722222222222,18.41,3,0.026276500447894893,1,1,1,1,1,-0.8207495111606453,F,secondary,6+,-1.4276810263709938,-0.7218397547786817,2.29128784747792,2.285685950492492,0.07741666666666669
8179,Adult,random-6,5,2.577,30.924,2.476,29.712,0.101,1.2120000000000002,0.451,5.412,0.101,5,14.243,CM11,M-F08-C01,6,05m;29d,F,8,secondary,preparatory,35983,08:24:53,0,17.1,22.1,14,unknown,Southern Mexico,no,agriculturalist,NA,16.1,23.63,1.1,7,12.305825178887165,4.573850796769731,1.523883926754995,3.0550504633038935,8.414722222222222,18.41,3,0.03919285991462942,1,1,1,1,1,-0.8207495111606453,F,secondary,6+,-1.4276810263709938,-0.7218397547786817,2.29128784747792,2.285685950492492,0.1869166666666667
8179,Child,random-6,5,1.327,15.923999999999998,1.327,15.923999999999998,0,0,0.046,0.552,0.101,2,14.243,CM11,M-F08-C01,6,05m;29d,F,8,secondary,preparatory,35983,08:24:53,0,17.1,22.1,14,unknown,Southern Mexico,no,agriculturalist,NA,16.1,23.63,1.1,7,12.305825178887165,4.573850796769731,1.523883926754995,3.0550504633038935,8.414722222222222,18.41,3,0,0,1,1,0,1,-0.8207495111606453,F,secondary,6+,-1.4276810263709938,-0.7218397547786817,2.29128784747792,0.19370219919427892,0.1869166666666667
8179,Adult,random-7,5,2.694,32.327999999999996,2.337,28.044000000000004,0.357,4.284,0.599,7.188,0.373,4,16.456,CM11,M-F08-C01,6,05m;29d,F,8,secondary,preparatory,35983,08:24:53,0,17.1,22.1,14,unknown,Southern Mexico,no,agriculturalist,NA,16.1,23.63,1.1,7,12.305825178887165,4.573850796769731,1.523883926754995,3.0550504633038935,8.414722222222222,18.41,3,0.13251670378619154,0.9571045576407506,1,1,1,1,-0.8207495111606453,F,secondary,6+,-1.4276810263709938,-0.7218397547786817,2.29128784747792,1.5883580333930876,0.3713333333333333
8179,Child,random-7,5,0.37,4.4399999999999995,0.355,4.26,0.016,0.192,0.092,1.104,0.373,3,16.456,CM11,M-F08-C01,6,05m;29d,F,8,secondary,preparatory,35983,08:24:53,0,17.1,22.1,14,unknown,Southern Mexico,no,agriculturalist,NA,16.1,23.63,1.1,7,12.305825178887165,4.573850796769731,1.523883926754995,3.0550504633038935,8.414722222222222,18.41,3,0.043243243243243246,0.04289544235924933,1,1,1,1,-0.8207495111606453,F,secondary,6+,-1.4276810263709938,-0.7218397547786817,2.29128784747792,0.8910301162936832,0.3713333333333333
8179,Adult,random-8,5,1.077,12.924,0.82,9.839999999999998,0.257,3.084,0.803,9.636000000000001,0.321,3,16.748,CM11,M-F08-C01,6,05m;29d,F,8,secondary,preparatory,35983,08:24:53,0,17.1,22.1,14,unknown,Southern Mexico,no,agriculturalist,NA,16.1,23.63,1.1,7,12.305825178887165,4.573850796769731,1.523883926754995,3.0550504633038935,8.414722222222222,18.41,3,0.23862581244196845,0.8006230529595015,1,1,1,1,-0.8207495111606453,F,secondary,6+,-1.4276810263709938,-0.7218397547786817,2.29128784747792,0.8910301162936832,0.3956666666666668
8179,Child,random-8,5,0.455,5.46,0.39,4.68,0.065,0.78,0.11,1.3199999999999998,0.321,4,16.748,CM11,M-F08-C01,6,05m;29d,F,8,secondary,preparatory,35983,08:24:53,0,17.1,22.1,14,unknown,Southern Mexico,no,agriculturalist,NA,16.1,23.63,1.1,7,12.305825178887165,4.573850796769731,1.523883926754995,3.0550504633038935,8.414722222222222,18.41,3,0.14285714285714285,0.20249221183800623,1,1,1,1,-0.8207495111606453,F,secondary,6+,-1.4276810263709938,-0.7218397547786817,2.29128784747792,1.5883580333930876,0.3956666666666668
8179,Adult,random-9,5,2.233,26.796,1.933,23.196,0.3,3.5999999999999996,0.416,4.992,0.321,5,17.093,CM11,M-F08-C01,6,05m;29d,F,8,secondary,preparatory,35983,08:24:53,0,17.1,22.1,14,unknown,Southern Mexico,no,agriculturalist,NA,16.1,23.63,1.1,7,12.305825178887165,4.573850796769731,1.523883926754995,3.0550504633038935,8.414722222222222,18.41,3,0.13434841021047916,0.9345794392523364,1,1,1,1,-0.8207495111606453,F,secondary,6+,-1.4276810263709938,-0.7218397547786817,2.29128784747792,2.285685950492492,0.42441666666666666
8179,Child,random-9,5,0.264,3.168,0.243,2.916,0.021,0.25200000000000006,0.021,0.25200000000000006,0.321,2,17.093,CM11,M-F08-C01,6,05m;29d,F,8,secondary,preparatory,35983,08:24:53,0,17.1,22.1,14,unknown,Southern Mexico,no,agriculturalist,NA,16.1,23.63,1.1,7,12.305825178887165,4.573850796769731,1.523883926754995,3.0550504633038935,8.414722222222222,18.41,3,0.07954545454545454,0.06542056074766356,1,1,1,1,-0.8207495111606453,F,secondary,6+,-1.4276810263709938,-0.7218397547786817,2.29128784747792,0.19370219919427892,0.42441666666666666
8787,Adult,random-1,5,3.784,45.407999999999994,3.508,42.096000000000004,0.276,3.3120000000000003,0.482,5.784,0.276,3,8.984,CM38,M-F29-C01,11,10m;21d,M,8,secondary,secondary,37785,07:55:28,1,23.5,23.3,4,unknown,Southern Mexico,no,agriculturalist,NA,16.1,23.63,1.1,7,12.305825178887165,4.573850796769731,1.523883926754995,3.0550504633038935,7.924444444444445,18.420277777777777,5,0.07293868921775899,1,1,1,1,1,-0.4144378719722071,M,secondary,6+,-0.028422440034950664,-0.06562179588897112,-0.9819805060619656,0.8910301162936832,-0.25133333333333335
8787,Child,random-1,5,1.811,21.732,1.811,21.732,0,0,0.13,1.56,0.276,3,8.984,CM38,M-F29-C01,11,10m;21d,M,8,secondary,secondary,37785,07:55:28,1,23.5,23.3,4,unknown,Southern Mexico,no,agriculturalist,NA,16.1,23.63,1.1,7,12.305825178887165,4.573850796769731,1.523883926754995,3.0550504633038935,7.924444444444445,18.420277777777777,5,0,0,1,1,0,1,-0.4144378719722071,M,secondary,6+,-0.028422440034950664,-0.06562179588897112,-0.9819805060619656,0.8910301162936832,-0.25133333333333335
8787,Adult,random-2,5,1.956,23.472,1.665,19.98,0.291,3.4919999999999995,0.291,3.4919999999999995,0.291,2,9.561,CM38,M-F29-C01,11,10m;21d,M,8,secondary,secondary,37785,07:55:28,1,23.5,23.3,4,unknown,Southern Mexico,no,agriculturalist,NA,16.1,23.63,1.1,7,12.305825178887165,4.573850796769731,1.523883926754995,3.0550504633038935,7.924444444444445,18.420277777777777,5,0.14877300613496933,1,1,1,1,1,-0.4144378719722071,M,secondary,6+,-0.028422440034950664,-0.06562179588897112,-0.9819805060619656,0.19370219919427892,-0.20325000000000001
8787,Child,random-2,5,0,0,0,0,0,0,0,0,0.291,0,9.561,CM38,M-F29-C01,11,10m;21d,M,8,secondary,secondary,37785,07:55:28,1,23.5,23.3,4,unknown,Southern Mexico,no,agriculturalist,NA,16.1,23.63,1.1,7,12.305825178887165,4.573850796769731,1.523883926754995,3.0550504633038935,7.924444444444445,18.420277777777777,5,NaN,0,0,0,0,0,-0.4144378719722071,M,secondary,6+,-0.028422440034950664,-0.06562179588897112,-0.9819805060619656,-1.2009536350045298,-0.20325000000000001
8787,Adult,random-3,5,0,0,0,0,0,0,0,0,0,0,11.365,CM38,M-F29-C01,11,10m;21d,M,8,secondary,secondary,37785,07:55:28,1,23.5,23.3,4,unknown,Southern Mexico,no,agriculturalist,NA,16.1,23.63,1.1,7,12.305825178887165,4.573850796769731,1.523883926754995,3.0550504633038935,7.924444444444445,18.420277777777777,5,NaN,NaN,0,0,0,0,-0.4144378719722071,M,secondary,6+,-0.028422440034950664,-0.06562179588897112,-0.9819805060619656,-1.2009536350045298,-0.05291666666666665
8787,Child,random-3,5,0,0,0,0,0,0,0,0,0,0,11.365,CM38,M-F29-C01,11,10m;21d,M,8,secondary,secondary,37785,07:55:28,1,23.5,23.3,4,unknown,Southern Mexico,no,agriculturalist,NA,16.1,23.63,1.1,7,12.305825178887165,4.573850796769731,1.523883926754995,3.0550504633038935,7.924444444444445,18.420277777777777,5,NaN,NaN,0,0,0,0,-0.4144378719722071,M,secondary,6+,-0.028422440034950664,-0.06562179588897112,-0.9819805060619656,-1.2009536350045298,-0.05291666666666665
8787,Adult,random-4,5,0.517,6.204000000000001,0.517,6.204000000000001,0,0,0.517,6.204000000000001,0,1,11.939,CM38,M-F29-C01,11,10m;21d,M,8,secondary,secondary,37785,07:55:28,1,23.5,23.3,4,unknown,Southern Mexico,no,agriculturalist,NA,16.1,23.63,1.1,7,12.305825178887165,4.573850796769731,1.523883926754995,3.0550504633038935,7.924444444444445,18.420277777777777,5,0,NaN,1,1,0,1,-0.4144378719722071,M,secondary,6+,-0.028422440034950664,-0.06562179588897112,-0.9819805060619656,-0.5036257179051254,-0.005083333333333329
8787,Child,random-4,5,0,0,0,0,0,0,0,0,0,0,11.939,CM38,M-F29-C01,11,10m;21d,M,8,secondary,secondary,37785,07:55:28,1,23.5,23.3,4,unknown,Southern Mexico,no,agriculturalist,NA,16.1,23.63,1.1,7,12.305825178887165,4.573850796769731,1.523883926754995,3.0550504633038935,7.924444444444445,18.420277777777777,5,NaN,NaN,0,0,0,0,-0.4144378719722071,M,secondary,6+,-0.028422440034950664,-0.06562179588897112,-0.9819805060619656,-1.2009536350045298,-0.005083333333333329
8787,Adult,random-5,5,0.372,4.4639999999999995,0,0,0.372,4.4639999999999995,0.372,4.4639999999999995,0.372,1,12.027,CM38,M-F29-C01,11,10m;21d,M,8,secondary,secondary,37785,07:55:28,1,23.5,23.3,4,unknown,Southern Mexico,no,agriculturalist,NA,16.1,23.63,1.1,7,12.305825178887165,4.573850796769731,1.523883926754995,3.0550504633038935,7.924444444444445,18.420277777777777,5,1,1,1,0,1,1,-0.4144378719722071,M,secondary,6+,-0.028422440034950664,-0.06562179588897112,-0.9819805060619656,-0.5036257179051254,0.0022499999999999374
8787,Child,random-5,5,0,0,0,0,0,0,0,0,0.372,0,12.027,CM38,M-F29-C01,11,10m;21d,M,8,secondary,secondary,37785,07:55:28,1,23.5,23.3,4,unknown,Southern Mexico,no,agriculturalist,NA,16.1,23.63,1.1,7,12.305825178887165,4.573850796769731,1.523883926754995,3.0550504633038935,7.924444444444445,18.420277777777777,5,NaN,0,0,0,0,0,-0.4144378719722071,M,secondary,6+,-0.028422440034950664,-0.06562179588897112,-0.9819805060619656,-1.2009536350045298,0.0022499999999999374
8787,Adult,random-6,5,2.478,29.736000000000004,1.434,17.208,1.044,12.528,1.309,15.707999999999998,1.197,2,13.274,CM38,M-F29-C01,11,10m;21d,M,8,secondary,secondary,37785,07:55:28,1,23.5,23.3,4,unknown,Southern Mexico,no,agriculturalist,NA,16.1,23.63,1.1,7,12.305825178887165,4.573850796769731,1.523883926754995,3.0550504633038935,7.924444444444445,18.420277777777777,5,0.4213075060532687,0.8721804511278195,1,1,1,1,-0.4144378719722071,M,secondary,6+,-0.028422440034950664,-0.06562179588897112,-0.9819805060619656,0.19370219919427892,0.10616666666666659
8787,Child,random-6,5,0.534,6.408,0.381,4.572,0.153,1.8359999999999999,0.164,1.9680000000000002,1.197,1,13.274,CM38,M-F29-C01,11,10m;21d,M,8,secondary,secondary,37785,07:55:28,1,23.5,23.3,4,unknown,Southern Mexico,no,agriculturalist,NA,16.1,23.63,1.1,7,12.305825178887165,4.573850796769731,1.523883926754995,3.0550504633038935,7.924444444444445,18.420277777777777,5,0.28651685393258425,0.12781954887218044,1,1,1,1,-0.4144378719722071,M,secondary,6+,-0.028422440034950664,-0.06562179588897112,-0.9819805060619656,-0.5036257179051254,0.10616666666666659
8787,Adult,random-7,5,1.407,16.884,1.245,14.940000000000001,0.162,1.944,0.837,10.044,0.428,4,15.009,CM38,M-F29-C01,11,10m;21d,M,8,secondary,secondary,37785,07:55:28,1,23.5,23.3,4,unknown,Southern Mexico,no,agriculturalist,NA,16.1,23.63,1.1,7,12.305825178887165,4.573850796769731,1.523883926754995,3.0550504633038935,7.924444444444445,18.420277777777777,5,0.11513859275053305,0.3785046728971963,1,1,1,1,-0.4144378719722071,M,secondary,6+,-0.028422440034950664,-0.06562179588897112,-0.9819805060619656,1.5883580333930876,0.25075000000000003
8787,Child,random-7,5,0.705,8.459999999999999,0.44,5.279999999999999,0.266,3.192,0.358,4.295999999999999,0.428,2,15.009,CM38,M-F29-C01,11,10m;21d,M,8,secondary,secondary,37785,07:55:28,1,23.5,23.3,4,unknown,Southern Mexico,no,agriculturalist,NA,16.1,23.63,1.1,7,12.305825178887165,4.573850796769731,1.523883926754995,3.0550504633038935,7.924444444444445,18.420277777777777,5,0.37730496453900714,0.6214953271028038,1,1,1,1,-0.4144378719722071,M,secondary,6+,-0.028422440034950664,-0.06562179588897112,-0.9819805060619656,0.19370219919427892,0.25075000000000003
8787,Adult,random-8,5,3.224,38.688,3.106,37.272,0.118,1.416,0.414,4.968,0.118,4,15.418,CM38,M-F29-C01,11,10m;21d,M,8,secondary,secondary,37785,07:55:28,1,23.5,23.3,4,unknown,Southern Mexico,no,agriculturalist,NA,16.1,23.63,1.1,7,12.305825178887165,4.573850796769731,1.523883926754995,3.0550504633038935,7.924444444444445,18.420277777777777,5,0.03660049627791563,1,1,1,1,1,-0.4144378719722071,M,secondary,6+,-0.028422440034950664,-0.06562179588897112,-0.9819805060619656,1.5883580333930876,0.28483333333333327
8787,Child,random-8,5,1.155,13.860000000000001,1.155,13.860000000000001,0,0,0.175,2.0999999999999996,0.118,3,15.418,CM38,M-F29-C01,11,10m;21d,M,8,secondary,secondary,37785,07:55:28,1,23.5,23.3,4,unknown,Southern Mexico,no,agriculturalist,NA,16.1,23.63,1.1,7,12.305825178887165,4.573850796769731,1.523883926754995,3.0550504633038935,7.924444444444445,18.420277777777777,5,0,0,1,1,0,1,-0.4144378719722071,M,secondary,6+,-0.028422440034950664,-0.06562179588897112,-0.9819805060619656,0.8910301162936832,0.28483333333333327
8787,Adult,random-9,5,3.644,43.728,3.359,40.308,0.285,3.42,0.663,7.9559999999999995,0.315,3,16.082,CM38,M-F29-C01,11,10m;21d,M,8,secondary,secondary,37785,07:55:28,1,23.5,23.3,4,unknown,Southern Mexico,no,agriculturalist,NA,16.1,23.63,1.1,7,12.305825178887165,4.573850796769731,1.523883926754995,3.0550504633038935,7.924444444444445,18.420277777777777,5,0.07821075740944017,0.9047619047619047,1,1,1,1,-0.4144378719722071,M,secondary,6+,-0.028422440034950664,-0.06562179588897112,-0.9819805060619656,0.8910301162936832,0.34016666666666673
8787,Child,random-9,5,1.473,17.676000000000002,1.442,17.304,0.03,0.36,0.507,6.0840000000000005,0.315,3,16.082,CM38,M-F29-C01,11,10m;21d,M,8,secondary,secondary,37785,07:55:28,1,23.5,23.3,4,unknown,Southern Mexico,no,agriculturalist,NA,16.1,23.63,1.1,7,12.305825178887165,4.573850796769731,1.523883926754995,3.0550504633038935,7.924444444444445,18.420277777777777,5,0.02036659877800407,0.09523809523809523,1,1,1,1,-0.4144378719722071,M,secondary,6+,-0.028422440034950664,-0.06562179588897112,-0.9819805060619656,0.8910301162936832,0.34016666666666673
