aclew_child_id,segment,xds_min,segment_dur,sample,sample_type,xds_mph,ods_min,ods_mph,tds_min,tds_mph,cds_min,cds_mph,homebank_child_id,kid,other_child_id,age,age_mo_round,child_sex,mat_age,mat_ed_yr,mat_ed,fat_age,fat_ed_yr,fat_ed,length_of_recording,start_of_recording,number_older_sibs,adults_in_house_2016,children_in_house_2016,household_size,premature,region,serious_medical_issues,ses_details,Comments,tchiyr.m,motyr.m,nsb.m,hsz.m,tchiyr.sd,motyr.sd,nsb.sd,hsz.sd,order,n_spkrs_clip,start.hr,prop_tds,xds_mph.nz,ods_mph.nz,tds_mph.nz,cds_mph.nz,tchiyr.std,chisx.std,mated.std,mated.bin,motyr.std,nsb.std,hsz.std,nsk.std,stthr.std,stthr.tri,stthr.tri.a,stthr.tri.o,Sample,stthr.tri.centered,SplitAge
1143,tt-1,1.132,1,turn-taking,turn-taking,67.91999999999999,0.943,56.58,0.189,11.34,0.189,11.34,NA,NA,P-F42-C01,07m;18d,8,M,24,8,secondary,41,9,secondary,32529,09:07:26,1,2,2,4,unknown,"Rossel Island, Milne Bay Province, PNG",no,agriculturalist,NA,13.8,29.5,2.2,5.8,11.073491871231143,6.293735862833069,2.097617696340303,1.9888578520235065,4,8,14.637777777777778,0.1669611307420495,1,1,1,1,-0.5237733559969788,M,secondary,6+,-0.8738847831984204,-0.5720775535473556,-0.9050420562578876,0.6573697561735111,0.21981481481481482,afternoon,afternoon,afternoon,Turn taking,afternoon,Under 1;0
1143,tt-2,0.823,1,turn-taking,turn-taking,49.379999999999995,0.746,44.76,0.078,4.68,0.105,6.3,NA,NA,P-F42-C01,07m;18d,8,M,24,8,secondary,41,9,secondary,32529,09:07:26,1,2,2,4,unknown,"Rossel Island, Milne Bay Province, PNG",no,agriculturalist,NA,13.8,29.5,2.2,5.8,11.073491871231143,6.293735862833069,2.097617696340303,1.9888578520235065,4,7,14.696111111111112,0.09477521263669503,1,1,1,1,-0.5237733559969788,M,secondary,6+,-0.8738847831984204,-0.5720775535473556,-0.9050420562578876,0.34989035409235275,0.22467592592592597,afternoon,afternoon,afternoon,Turn taking,afternoon,Under 1;0
1143,tt-3,1.771,1,turn-taking,turn-taking,106.25999999999999,1.457,87.42,0.315,18.9,0.428,25.68,NA,NA,P-F42-C01,07m;18d,8,M,24,8,secondary,41,9,secondary,32529,09:07:26,1,2,2,4,unknown,"Rossel Island, Milne Bay Province, PNG",no,agriculturalist,NA,13.8,29.5,2.2,5.8,11.073491871231143,6.293735862833069,2.097617696340303,1.9888578520235065,4,9,14.778055555555556,0.17786561264822134,1,1,1,1,-0.5237733559969788,M,secondary,6+,-0.8738847831984204,-0.5720775535473556,-0.9050420562578876,0.9648491582546695,0.23150462962962962,afternoon,afternoon,afternoon,Turn taking,afternoon,Under 1;0
1143,tt-4,0.831,1,turn-taking,turn-taking,49.86,0.667,40.02,0.164,9.84,0.265,15.9,NA,NA,P-F42-C01,07m;18d,8,M,24,8,secondary,41,9,secondary,32529,09:07:26,1,2,2,4,unknown,"Rossel Island, Milne Bay Province, PNG",no,agriculturalist,NA,13.8,29.5,2.2,5.8,11.073491871231143,6.293735862833069,2.097617696340303,1.9888578520235065,4,7,15.030833333333334,0.197352587244284,1,1,1,1,-0.5237733559969788,M,secondary,6+,-0.8738847831984204,-0.5720775535473556,-0.9050420562578876,0.34989035409235275,0.25256944444444446,afternoon,afternoon,afternoon,Turn taking,afternoon,Under 1;0
1143,tt-5,1.384,1,turn-taking,turn-taking,83.03999999999999,1.202,72.12,0.182,10.92,0.467,28.020000000000003,NA,NA,P-F42-C01,07m;18d,8,M,24,8,secondary,41,9,secondary,32529,09:07:26,1,2,2,4,unknown,"Rossel Island, Milne Bay Province, PNG",no,agriculturalist,NA,13.8,29.5,2.2,5.8,11.073491871231143,6.293735862833069,2.097617696340303,1.9888578520235065,4,9,15.536111111111111,0.1315028901734104,1,1,1,1,-0.5237733559969788,M,secondary,6+,-0.8738847831984204,-0.5720775535473556,-0.9050420562578876,0.9648491582546695,0.29467592592592595,afternoon,afternoon,afternoon,Turn taking,afternoon,Under 1;0
2977,ext-tt-4,5.687,5,turn-taking,extension,68.244,4.716,56.592,0.952,11.424,1.998,23.976,NA,NA,P-F23-C01,12m;29d,13,F,30,6,primary,34,6,primary,29372,08:15:58,5,2,6,8,unknown,"Rossel Island, Milne Bay Province, PNG",no,agriculturalist,NA,13.8,29.5,2.2,5.8,11.073491871231143,6.293735862833069,2.097617696340303,1.9888578520235065,6,13,14.123055555555556,0.16739933180938982,1,1,1,1,-0.07224460082716955,F,primary,0-5,0.0794440711998564,1.3348476249438292,1.106162513204085,2.194766766579303,0.17692129629629635,afternoon,afternoon,afternoon,Turn taking,afternoon,1;0+
2977,tt-1,0.679,1,turn-taking,turn-taking,40.74,0.578,34.68,0.101,6.0600000000000005,0.124,7.4399999999999995,NA,NA,P-F23-C01,12m;29d,13,F,30,6,primary,34,6,primary,29372,08:15:58,5,2,6,8,unknown,"Rossel Island, Milne Bay Province, PNG",no,agriculturalist,NA,13.8,29.5,2.2,5.8,11.073491871231143,6.293735862833069,2.097617696340303,1.9888578520235065,6,10,8.509722222222223,0.1487481590574374,1,1,1,1,-0.07224460082716955,F,primary,0-5,0.0794440711998564,1.3348476249438292,1.106162513204085,1.2723285603358279,-0.2908564814814814,morning,morning,morning,Turn taking,morning,1;0+
2977,tt-2,1.095,1,turn-taking,turn-taking,65.7,0.964,57.839999999999996,0.131,7.86,0.447,26.82,NA,NA,P-F23-C01,12m;29d,13,F,30,6,primary,34,6,primary,29372,08:15:58,5,2,6,8,unknown,"Rossel Island, Milne Bay Province, PNG",no,agriculturalist,NA,13.8,29.5,2.2,5.8,11.073491871231143,6.293735862833069,2.097617696340303,1.9888578520235065,6,10,9.893333333333333,0.11963470319634704,1,1,1,1,-0.07224460082716955,F,primary,0-5,0.0794440711998564,1.3348476249438292,1.106162513204085,1.2723285603358279,-0.1755555555555556,morning,morning,morning,Turn taking,morning,1;0+
2977,tt-3,0.989,1,turn-taking,turn-taking,59.339999999999996,0.937,56.220000000000006,0.052,3.1199999999999997,0.052,3.1199999999999997,NA,NA,P-F23-C01,12m;29d,13,F,30,6,primary,34,6,primary,29372,08:15:58,5,2,6,8,unknown,"Rossel Island, Milne Bay Province, PNG",no,agriculturalist,NA,13.8,29.5,2.2,5.8,11.073491871231143,6.293735862833069,2.097617696340303,1.9888578520235065,6,6,10.117222222222223,0.0525783619817998,1,1,1,1,-0.07224460082716955,F,primary,0-5,0.0794440711998564,1.3348476249438292,1.106162513204085,0.042410952011194346,-0.1568981481481481,morning,morning,morning,Turn taking,morning,1;0+
2977,tt-4,0.74,1,turn-taking,turn-taking,44.4,0.356,21.36,0.384,23.04,0.468,28.080000000000002,NA,NA,P-F23-C01,12m;29d,13,F,30,6,primary,34,6,primary,29372,08:15:58,5,2,6,8,unknown,"Rossel Island, Milne Bay Province, PNG",no,agriculturalist,NA,13.8,29.5,2.2,5.8,11.073491871231143,6.293735862833069,2.097617696340303,1.9888578520235065,6,9,14.106388888888889,0.518918918918919,1,1,1,1,-0.07224460082716955,F,primary,0-5,0.0794440711998564,1.3348476249438292,1.106162513204085,0.9648491582546695,0.1755324074074074,afternoon,afternoon,afternoon,Turn taking,afternoon,1;0+
2977,tt-5,1.349,1,turn-taking,turn-taking,80.94,0.688,41.279999999999994,0.661,39.660000000000004,0.661,39.660000000000004,NA,NA,P-F23-C01,12m;29d,13,F,30,6,primary,34,6,primary,29372,08:15:58,5,2,6,8,unknown,"Rossel Island, Milne Bay Province, PNG",no,agriculturalist,NA,13.8,29.5,2.2,5.8,11.073491871231143,6.293735862833069,2.097617696340303,1.9888578520235065,6,10,15.563888888888888,0.48999258710155674,1,1,1,1,-0.07224460082716955,F,primary,0-5,0.0794440711998564,1.3348476249438292,1.106162513204085,1.2723285603358279,0.29699074074074067,afternoon,afternoon,afternoon,Turn taking,afternoon,1;0+
3729,ext-tt-5,6.731,5,turn-taking,extension,80.772,5.576,66.91199999999999,1.155,13.860000000000001,1.604,19.248,NA,NA,P-F32-C01,03m;19d,4,M,37,6,primary,45,4,none,29143,09:05:25,5,3,5,8,unknown,"Rossel Island, Milne Bay Province, PNG",no,agriculturalist,Father's age is estimated,13.8,29.5,2.2,5.8,11.073491871231143,6.293735862833069,2.097617696340303,1.9888578520235065,3,12,15.7925,0.1715941167731392,1,1,1,1,-0.8849963601328262,M,primary,0-5,1.191661067997846,1.3348476249438292,1.106162513204085,1.8872873644981447,0.3160416666666667,afternoon,afternoon,afternoon,Turn taking,afternoon,Under 1;0
3729,tt-1,0.348,1,turn-taking,turn-taking,20.88,0.104,6.239999999999999,0.244,14.64,0.244,14.64,NA,NA,P-F32-C01,03m;19d,4,M,37,6,primary,45,4,none,29143,09:05:25,5,3,5,8,unknown,"Rossel Island, Milne Bay Province, PNG",no,agriculturalist,Father's age is estimated,13.8,29.5,2.2,5.8,11.073491871231143,6.293735862833069,2.097617696340303,1.9888578520235065,3,4,10.846666666666666,0.7011494252873564,1,1,1,1,-0.8849963601328262,M,primary,0-5,1.191661067997846,1.3348476249438292,1.106162513204085,-0.5725478521511225,-0.09611111111111119,morning,morning,morning,Turn taking,morning,Under 1;0
3729,tt-2,0.309,1,turn-taking,turn-taking,18.54,0.047,2.82,0.261,15.66,0.284,17.04,NA,NA,P-F32-C01,03m;19d,4,M,37,6,primary,45,4,none,29143,09:05:25,5,3,5,8,unknown,"Rossel Island, Milne Bay Province, PNG",no,agriculturalist,Father's age is estimated,13.8,29.5,2.2,5.8,11.073491871231143,6.293735862833069,2.097617696340303,1.9888578520235065,3,3,11.852777777777778,0.8446601941747574,1,1,1,1,-0.8849963601328262,M,primary,0-5,1.191661067997846,1.3348476249438292,1.106162513204085,-0.8800272542322809,-0.012268518518518512,midday,midday,midday,Turn taking,midday,Under 1;0
3729,tt-3,0.659,1,turn-taking,turn-taking,39.54,0.45,27,0.209,12.54,0.408,24.479999999999997,NA,NA,P-F32-C01,03m;19d,4,M,37,6,primary,45,4,none,29143,09:05:25,5,3,5,8,unknown,"Rossel Island, Milne Bay Province, PNG",no,agriculturalist,Father's age is estimated,13.8,29.5,2.2,5.8,11.073491871231143,6.293735862833069,2.097617696340303,1.9888578520235065,3,4,13.946111111111112,0.3171471927162367,1,1,1,1,-0.8849963601328262,M,primary,0-5,1.191661067997846,1.3348476249438292,1.106162513204085,-0.5725478521511225,0.16217592592592597,afternoon,afternoon,afternoon,Turn taking,afternoon,Under 1;0
3729,tt-4,1.208,1,turn-taking,turn-taking,72.48,0.888,53.28,0.32,19.2,0.481,28.86,NA,NA,P-F32-C01,03m;19d,4,M,37,6,primary,45,4,none,29143,09:05:25,5,3,5,8,unknown,"Rossel Island, Milne Bay Province, PNG",no,agriculturalist,Father's age is estimated,13.8,29.5,2.2,5.8,11.073491871231143,6.293735862833069,2.097617696340303,1.9888578520235065,3,8,14.54111111111111,0.26490066225165565,1,1,1,1,-0.8849963601328262,M,primary,0-5,1.191661067997846,1.3348476249438292,1.106162513204085,0.6573697561735111,0.2117592592592592,afternoon,afternoon,afternoon,Turn taking,afternoon,Under 1;0
3729,tt-5,1.072,1,turn-taking,turn-taking,64.32000000000001,0.733,43.98,0.338,20.28,0.38,22.8,NA,NA,P-F32-C01,03m;19d,4,M,37,6,primary,45,4,none,29143,09:05:25,5,3,5,8,unknown,"Rossel Island, Milne Bay Province, PNG",no,agriculturalist,Father's age is estimated,13.8,29.5,2.2,5.8,11.073491871231143,6.293735862833069,2.097617696340303,1.9888578520235065,3,9,15.775833333333333,0.31529850746268656,1,1,1,1,-0.8849963601328262,M,primary,0-5,1.191661067997846,1.3348476249438292,1.106162513204085,0.9648491582546695,0.3146527777777777,afternoon,afternoon,afternoon,Turn taking,afternoon,Under 1;0
3956,tt-1,0.164,1,turn-taking,turn-taking,9.84,0.02,1.2,0.144,8.639999999999999,0.164,9.84,NA,NA,P-F31-C01,25m;22d,26,F,21,8,secondary,33,10,secondary,29670,08:55:04,0,2,1,3,unknown,"Rossel Island, Milne Bay Province, PNG",no,agriculturalist,NA,13.8,29.5,2.2,5.8,11.073491871231143,6.293735862833069,2.097617696340303,1.9888578520235065,9,2,9.865277777777777,0.8780487804878048,1,1,1,1,1.1017301626143345,F,secondary,6+,-1.350549210397559,-1.0488088481701519,-1.4078431986233808,-1.1875066563134393,-0.17789351851851856,morning,morning,morning,Turn taking,morning,1;0+
3956,tt-2,0.552,1,turn-taking,turn-taking,33.120000000000005,0.35,21,0.202,12.120000000000001,0.276,16.560000000000002,NA,NA,P-F31-C01,25m;22d,26,F,21,8,secondary,33,10,secondary,29670,08:55:04,0,2,1,3,unknown,"Rossel Island, Milne Bay Province, PNG",no,agriculturalist,NA,13.8,29.5,2.2,5.8,11.073491871231143,6.293735862833069,2.097617696340303,1.9888578520235065,9,5,10.483888888888888,0.36594202898550726,1,1,1,1,1.1017301626143345,F,secondary,6+,-1.350549210397559,-1.0488088481701519,-1.4078431986233808,-0.26506845006996405,-0.12634259259259265,morning,morning,morning,Turn taking,morning,1;0+
3956,tt-3,0.384,1,turn-taking,turn-taking,23.04,0.096,5.76,0.288,17.279999999999998,0.303,18.18,NA,NA,P-F31-C01,25m;22d,26,F,21,8,secondary,33,10,secondary,29670,08:55:04,0,2,1,3,unknown,"Rossel Island, Milne Bay Province, PNG",no,agriculturalist,NA,13.8,29.5,2.2,5.8,11.073491871231143,6.293735862833069,2.097617696340303,1.9888578520235065,9,4,10.964166666666667,0.7499999999999999,1,1,1,1,1.1017301626143345,F,secondary,6+,-1.350549210397559,-1.0488088481701519,-1.4078431986233808,-0.5725478521511225,-0.0863194444444444,morning,morning,morning,Turn taking,morning,1;0+
3956,tt-4,0.346,1,turn-taking,turn-taking,20.759999999999998,0,0,0.346,20.759999999999998,0.346,20.759999999999998,NA,NA,P-F31-C01,25m;22d,26,F,21,8,secondary,33,10,secondary,29670,08:55:04,0,2,1,3,unknown,"Rossel Island, Milne Bay Province, PNG",no,agriculturalist,NA,13.8,29.5,2.2,5.8,11.073491871231143,6.293735862833069,2.097617696340303,1.9888578520235065,9,1,12.933055555555555,1,1,0,1,1,1.1017301626143345,F,secondary,6+,-1.350549210397559,-1.0488088481701519,-1.4078431986233808,-1.4949860583945977,0.07775462962962958,midday,midday,midday,Turn taking,midday,1;0+
3956,tt-5,0.363,1,turn-taking,turn-taking,21.78,0.091,5.46,0.266,15.96,0.304,18.24,NA,NA,P-F31-C01,25m;22d,26,F,21,8,secondary,33,10,secondary,29670,08:55:04,0,2,1,3,unknown,"Rossel Island, Milne Bay Province, PNG",no,agriculturalist,NA,13.8,29.5,2.2,5.8,11.073491871231143,6.293735862833069,2.097617696340303,1.9888578520235065,9,4,16.875555555555554,0.7327823691460056,1,1,1,1,1.1017301626143345,F,secondary,6+,-1.350549210397559,-1.0488088481701519,-1.4078431986233808,-0.5725478521511225,0.40629629629629616,afternoon,afternoon,afternoon,Turn taking,afternoon,1;0+
4569,ext-tt-1,10.011,5,turn-taking,extension,120.13199999999999,9.428,113.13600000000001,0.583,6.9959999999999996,3.753,45.036,NA,NA,P-F11-C01,20m;03d,20,F,33,6,primary,41,10,secondary,31752,08:20:44,5,2,6,8,unknown,"Rossel Island, Milne Bay Province, PNG",no,agriculturalist,NA,13.8,29.5,2.2,5.8,11.073491871231143,6.293735862833069,2.097617696340303,1.9888578520235065,8,11,10.316666666666666,0.05823594046548796,1,1,1,1,0.5598956564105635,F,primary,0-5,0.5561084983989948,1.3348476249438292,1.106162513204085,1.5798079624169863,-0.1402777777777778,morning,morning,morning,Turn taking,morning,1;0+
4569,ext-tt-1,10.011,5,turn-taking,extension,120.13199999999999,9.428,113.13600000000001,0.583,6.9959999999999996,3.753,45.036,NA,NA,P-F11-C01,20m;03d,20,F,33,6,primary,41,10,secondary,31752,08:20:44,5,2,6,8,unknown,"Rossel Island, Milne Bay Province, PNG",no,agriculturalist,NA,13.8,29.5,2.2,5.8,11.073491871231143,6.293735862833069,2.097617696340303,1.9888578520235065,8,11,10.340555555555556,0.05823594046548796,1,1,1,1,0.5598956564105635,F,primary,0-5,0.5561084983989948,1.3348476249438292,1.106162513204085,1.5798079624169863,-0.13828703703703704,morning,morning,morning,Turn taking,morning,1;0+
4569,ext-tt-1,10.011,5,turn-taking,extension,120.13199999999999,9.428,113.13600000000001,0.583,6.9959999999999996,3.753,45.036,NA,NA,P-F11-C01,20m;03d,20,F,33,6,primary,41,10,secondary,31752,08:20:44,5,2,6,8,unknown,"Rossel Island, Milne Bay Province, PNG",no,agriculturalist,NA,13.8,29.5,2.2,5.8,11.073491871231143,6.293735862833069,2.097617696340303,1.9888578520235065,8,11,10.366666666666667,0.05823594046548796,1,1,1,1,0.5598956564105635,F,primary,0-5,0.5561084983989948,1.3348476249438292,1.106162513204085,1.5798079624169863,-0.13611111111111107,morning,morning,morning,Turn taking,morning,1;0+
4569,tt-1,0.63,1,turn-taking,turn-taking,37.8,0.422,25.32,0.207,12.42,0.207,12.42,NA,NA,P-F11-C01,20m;03d,20,F,33,6,primary,41,10,secondary,31752,08:20:44,5,2,6,8,unknown,"Rossel Island, Milne Bay Province, PNG",no,agriculturalist,NA,13.8,29.5,2.2,5.8,11.073491871231143,6.293735862833069,2.097617696340303,1.9888578520235065,8,6,10.323888888888888,0.32857142857142857,1,1,1,1,0.5598956564105635,F,primary,0-5,0.5561084983989948,1.3348476249438292,1.106162513204085,0.042410952011194346,-0.139675925925926,morning,morning,morning,Turn taking,morning,1;0+
4569,tt-2,0.432,1,turn-taking,turn-taking,25.919999999999998,0.299,17.939999999999998,0.132,7.92,0.183,10.98,NA,NA,P-F11-C01,20m;03d,20,F,33,6,primary,41,10,secondary,31752,08:20:44,5,2,6,8,unknown,"Rossel Island, Milne Bay Province, PNG",no,agriculturalist,NA,13.8,29.5,2.2,5.8,11.073491871231143,6.293735862833069,2.097617696340303,1.9888578520235065,8,5,10.35,0.3055555555555556,1,1,1,1,0.5598956564105635,F,primary,0-5,0.5561084983989948,1.3348476249438292,1.106162513204085,-0.26506845006996405,-0.13750000000000004,morning,morning,morning,Turn taking,morning,1;0+
4569,tt-3,0.378,1,turn-taking,turn-taking,22.68,0.098,5.88,0.28,16.8,0.28,16.8,NA,NA,P-F11-C01,20m;03d,20,F,33,6,primary,41,10,secondary,31752,08:20:44,5,2,6,8,unknown,"Rossel Island, Milne Bay Province, PNG",no,agriculturalist,NA,13.8,29.5,2.2,5.8,11.073491871231143,6.293735862833069,2.097617696340303,1.9888578520235065,8,2,10.546388888888888,0.7407407407407408,1,1,1,1,0.5598956564105635,F,primary,0-5,0.5561084983989948,1.3348476249438292,1.106162513204085,-1.1875066563134393,-0.12113425925925932,morning,morning,morning,Turn taking,morning,1;0+
4569,tt-4,0.332,1,turn-taking,turn-taking,19.92,0.196,11.76,0.136,8.16,0.312,18.72,NA,NA,P-F11-C01,20m;03d,20,F,33,6,primary,41,10,secondary,31752,08:20:44,5,2,6,8,unknown,"Rossel Island, Milne Bay Province, PNG",no,agriculturalist,NA,13.8,29.5,2.2,5.8,11.073491871231143,6.293735862833069,2.097617696340303,1.9888578520235065,8,5,12.841388888888888,0.40963855421686746,1,1,1,1,0.5598956564105635,F,primary,0-5,0.5561084983989948,1.3348476249438292,1.106162513204085,-0.26506845006996405,0.07011574074074067,midday,midday,midday,Turn taking,midday,1;0+
4569,tt-5,0.576,1,turn-taking,turn-taking,34.559999999999995,0.409,24.54,0.167,10.020000000000001,0.418,25.08,NA,NA,P-F11-C01,20m;03d,20,F,33,6,primary,41,10,secondary,31752,08:20:44,5,2,6,8,unknown,"Rossel Island, Milne Bay Province, PNG",no,agriculturalist,NA,13.8,29.5,2.2,5.8,11.073491871231143,6.293735862833069,2.097617696340303,1.9888578520235065,8,5,15.561111111111112,0.2899305555555556,1,1,1,1,0.5598956564105635,F,primary,0-5,0.5561084983989948,1.3348476249438292,1.106162513204085,-0.26506845006996405,0.29675925925925933,afternoon,afternoon,afternoon,Turn taking,afternoon,1;0+
5019,tt-1,0.475,1,turn-taking,turn-taking,28.5,0.19,11.4,0.285,17.099999999999998,0.351,21.06,NA,NA,P-F13-C01,35m;29d,36,M,41,6,primary,44,6,primary,30553,08:33:01,3,2,5,7,unknown,"Rossel Island, Milne Bay Province, PNG",no,agriculturalist,NA,13.8,29.5,2.2,5.8,11.073491871231143,6.293735862833069,2.097617696340303,1.9888578520235065,10,3,9.33388888888889,0.6,1,1,1,1,2.0047876729539533,M,primary,0-5,1.8272136375966972,0.3813850356982369,0.6033613708385919,-0.8800272542322809,-0.22217592592592586,morning,morning,morning,Turn taking,morning,1;0+
5019,tt-2,0.353,1,turn-taking,turn-taking,21.18,0.093,5.58,0.26,15.600000000000001,0.353,21.18,NA,NA,P-F13-C01,35m;29d,36,M,41,6,primary,44,6,primary,30553,08:33:01,3,2,5,7,unknown,"Rossel Island, Milne Bay Province, PNG",no,agriculturalist,NA,13.8,29.5,2.2,5.8,11.073491871231143,6.293735862833069,2.097617696340303,1.9888578520235065,10,3,9.551666666666666,0.7365439093484419,1,1,1,1,2.0047876729539533,M,primary,0-5,1.8272136375966972,0.3813850356982369,0.6033613708385919,-0.8800272542322809,-0.20402777777777784,morning,morning,morning,Turn taking,morning,1;0+
5019,tt-3,0.476,1,turn-taking,turn-taking,28.56,0.329,19.740000000000002,0.147,8.82,0.152,9.12,NA,NA,P-F13-C01,35m;29d,36,M,41,6,primary,44,6,primary,30553,08:33:01,3,2,5,7,unknown,"Rossel Island, Milne Bay Province, PNG",no,agriculturalist,NA,13.8,29.5,2.2,5.8,11.073491871231143,6.293735862833069,2.097617696340303,1.9888578520235065,10,5,9.568333333333333,0.3088235294117647,1,1,1,1,2.0047876729539533,M,primary,0-5,1.8272136375966972,0.3813850356982369,0.6033613708385919,-0.26506845006996405,-0.2026388888888889,morning,morning,morning,Turn taking,morning,1;0+
5019,tt-4,0.267,1,turn-taking,turn-taking,16.02,0.267,16.02,0,0,0.219,13.14,NA,NA,P-F13-C01,35m;29d,36,M,41,6,primary,44,6,primary,30553,08:33:01,3,2,5,7,unknown,"Rossel Island, Milne Bay Province, PNG",no,agriculturalist,NA,13.8,29.5,2.2,5.8,11.073491871231143,6.293735862833069,2.097617696340303,1.9888578520235065,10,2,12.820555555555556,0,1,1,0,1,2.0047876729539533,M,primary,0-5,1.8272136375966972,0.3813850356982369,0.6033613708385919,-1.1875066563134393,0.06837962962962967,midday,midday,midday,Turn taking,midday,1;0+
5019,tt-5,0.615,1,turn-taking,turn-taking,36.9,0.386,23.16,0.229,13.74,0.431,25.86,NA,NA,P-F13-C01,35m;29d,36,M,41,6,primary,44,6,primary,30553,08:33:01,3,2,5,7,unknown,"Rossel Island, Milne Bay Province, PNG",no,agriculturalist,NA,13.8,29.5,2.2,5.8,11.073491871231143,6.293735862833069,2.097617696340303,1.9888578520235065,10,3,16.93722222222222,0.3723577235772358,1,1,1,1,2.0047876729539533,M,primary,0-5,1.8272136375966972,0.3813850356982369,0.6033613708385919,-0.8800272542322809,0.4114351851851851,afternoon,afternoon,afternoon,Turn taking,afternoon,1;0+
6934,tt-1,1.078,1,turn-taking,turn-taking,64.68,0.808,48.480000000000004,0.27,16.200000000000003,0.468,28.080000000000002,NA,NA,P-F10-C01,16m;29d,17,M,25,10,secondary,30,10,secondary,33508,07:37:58,1,2,3,5,unknown,"Rossel Island, Milne Bay Province, PNG",no,agriculturalist,NA,13.8,29.5,2.2,5.8,11.073491871231143,6.293735862833069,2.097617696340303,1.9888578520235065,7,12,7.9275,0.2504638218923933,1,1,1,1,0.28897840330867786,M,secondary,6+,-0.7149966407987076,-0.5720775535473556,-0.4022409138923944,1.8872873644981447,-0.339375,morning,morning,morning,Turn taking,morning,1;0+
6934,tt-2,0.804,1,turn-taking,turn-taking,48.24,0.583,34.98,0.221,13.26,0.639,38.34,NA,NA,P-F10-C01,16m;29d,17,M,25,10,secondary,30,10,secondary,33508,07:37:58,1,2,3,5,unknown,"Rossel Island, Milne Bay Province, PNG",no,agriculturalist,NA,13.8,29.5,2.2,5.8,11.073491871231143,6.293735862833069,2.097617696340303,1.9888578520235065,7,6,8.28,0.27487562189054726,1,1,1,1,0.28897840330867786,M,secondary,6+,-0.7149966407987076,-0.5720775535473556,-0.4022409138923944,0.042410952011194346,-0.31000000000000005,morning,morning,morning,Turn taking,morning,1;0+
6934,tt-3,0.584,1,turn-taking,turn-taking,35.04,0.182,10.92,0.401,24.060000000000002,0.454,27.240000000000002,NA,NA,P-F10-C01,16m;29d,17,M,25,10,secondary,30,10,secondary,33508,07:37:58,1,2,3,5,unknown,"Rossel Island, Milne Bay Province, PNG",no,agriculturalist,NA,13.8,29.5,2.2,5.8,11.073491871231143,6.293735862833069,2.097617696340303,1.9888578520235065,7,7,9.611666666666666,0.6866438356164385,1,1,1,1,0.28897840330867786,M,secondary,6+,-0.7149966407987076,-0.5720775535473556,-0.4022409138923944,0.34989035409235275,-0.1990277777777778,morning,morning,morning,Turn taking,morning,1;0+
6934,tt-4,0.674,1,turn-taking,turn-taking,40.440000000000005,0.336,20.16,0.338,20.28,0.525,31.5,NA,NA,P-F10-C01,16m;29d,17,M,25,10,secondary,30,10,secondary,33508,07:37:58,1,2,3,5,unknown,"Rossel Island, Milne Bay Province, PNG",no,agriculturalist,NA,13.8,29.5,2.2,5.8,11.073491871231143,6.293735862833069,2.097617696340303,1.9888578520235065,7,5,9.79138888888889,0.5014836795252225,1,1,1,1,0.28897840330867786,M,secondary,6+,-0.7149966407987076,-0.5720775535473556,-0.4022409138923944,-0.26506845006996405,-0.1840509259259259,morning,morning,morning,Turn taking,morning,1;0+
6934,tt-5,0.388,1,turn-taking,turn-taking,23.28,0.073,4.38,0.315,18.9,0.343,20.580000000000002,NA,NA,P-F10-C01,16m;29d,17,M,25,10,secondary,30,10,secondary,33508,07:37:58,1,2,3,5,unknown,"Rossel Island, Milne Bay Province, PNG",no,agriculturalist,NA,13.8,29.5,2.2,5.8,11.073491871231143,6.293735862833069,2.097617696340303,1.9888578520235065,7,3,15.111944444444445,0.8118556701030928,1,1,1,1,0.28897840330867786,M,secondary,6+,-0.7149966407987076,-0.5720775535473556,-0.4022409138923944,-0.8800272542322809,0.25932870370370376,afternoon,afternoon,afternoon,Turn taking,afternoon,1;0+
8018,tt-1,0.541,1,turn-taking,turn-taking,32.46,0.26,15.600000000000001,0.281,16.860000000000003,0.507,30.42,NA,NA,P-F34-C01,09m;03d,9,F,29,10,secondary,27,9,secondary,30313,09:00:52,1,2,2,4,unknown,"Rossel Island, Milne Bay Province, PNG",no,agriculturalist,NA,13.8,29.5,2.2,5.8,11.073491871231143,6.293735862833069,2.097617696340303,1.9888578520235065,5,5,10.723611111111111,0.5194085027726433,1,1,1,1,-0.43346760496301695,F,secondary,6+,-0.0794440711998564,-0.5720775535473556,-0.9050420562578876,-0.26506845006996405,-0.10636574074074072,morning,morning,morning,Turn taking,morning,Under 1;0
8018,tt-2,0.486,1,turn-taking,turn-taking,29.16,0.234,14.040000000000001,0.252,15.120000000000001,0.325,19.5,NA,NA,P-F34-C01,09m;03d,9,F,29,10,secondary,27,9,secondary,30313,09:00:52,1,2,2,4,unknown,"Rossel Island, Milne Bay Province, PNG",no,agriculturalist,NA,13.8,29.5,2.2,5.8,11.073491871231143,6.293735862833069,2.097617696340303,1.9888578520235065,5,4,11.474166666666667,0.5185185185185185,1,1,1,1,-0.43346760496301695,F,secondary,6+,-0.0794440711998564,-0.5720775535473556,-0.9050420562578876,-0.5725478521511225,-0.04381944444444441,midday,midday,midday,Turn taking,midday,Under 1;0
8018,tt-3,0.638,1,turn-taking,turn-taking,38.28,0.481,28.86,0.158,9.48,0.158,9.48,NA,NA,P-F34-C01,09m;03d,9,F,29,10,secondary,27,9,secondary,30313,09:00:52,1,2,2,4,unknown,"Rossel Island, Milne Bay Province, PNG",no,agriculturalist,NA,13.8,29.5,2.2,5.8,11.073491871231143,6.293735862833069,2.097617696340303,1.9888578520235065,5,3,15.948888888888888,0.2476489028213166,1,1,1,1,-0.43346760496301695,F,secondary,6+,-0.0794440711998564,-0.5720775535473556,-0.9050420562578876,-0.8800272542322809,0.329074074074074,afternoon,afternoon,afternoon,Turn taking,afternoon,Under 1;0
8018,tt-4,0.718,1,turn-taking,turn-taking,43.08,0.311,18.66,0.407,24.419999999999998,0.407,24.419999999999998,NA,NA,P-F34-C01,09m;03d,9,F,29,10,secondary,27,9,secondary,30313,09:00:52,1,2,2,4,unknown,"Rossel Island, Milne Bay Province, PNG",no,agriculturalist,NA,13.8,29.5,2.2,5.8,11.073491871231143,6.293735862833069,2.097617696340303,1.9888578520235065,5,4,16.06111111111111,0.5668523676880223,1,1,1,1,-0.43346760496301695,F,secondary,6+,-0.0794440711998564,-0.5720775535473556,-0.9050420562578876,-0.5725478521511225,0.33842592592592585,afternoon,afternoon,afternoon,Turn taking,afternoon,Under 1;0
8018,tt-5,0.689,1,turn-taking,turn-taking,41.339999999999996,0.226,13.56,0.463,27.78,0.463,27.78,NA,NA,P-F34-C01,09m;03d,9,F,29,10,secondary,27,9,secondary,30313,09:00:52,1,2,2,4,unknown,"Rossel Island, Milne Bay Province, PNG",no,agriculturalist,NA,13.8,29.5,2.2,5.8,11.073491871231143,6.293735862833069,2.097617696340303,1.9888578520235065,5,5,16.101944444444445,0.6719883889695212,1,1,1,1,-0.43346760496301695,F,secondary,6+,-0.0794440711998564,-0.5720775535473556,-0.9050420562578876,-0.26506845006996405,0.3418287037037038,afternoon,afternoon,afternoon,Turn taking,afternoon,Under 1;0
8427,ext-tt-5,3.945,5,turn-taking,extension,47.339999999999996,2.937,35.24399999999999,1.008,12.096,1.906,22.872,NA,NA,P-F07-C01,01m;09d,1,F,31,8,secondary,33,10,secondary,31134,08:21:34,1,5,2,7,unknown,"Rossel Island, Milne Bay Province, PNG",no,agriculturalist,NA,13.8,29.5,2.2,5.8,11.073491871231143,6.293735862833069,2.097617696340303,1.9888578520235065,1,9,14.770277777777778,0.2555133079847909,1,1,1,1,-1.1559136132347119,F,secondary,6+,0.23833221359956921,-0.5720775535473556,0.6033613708385919,0.9648491582546695,0.23085648148148152,afternoon,afternoon,afternoon,Turn taking,afternoon,Under 1;0
8427,tt-1,0.718,1,turn-taking,turn-taking,43.08,0.255,15.3,0.463,27.78,0.463,27.78,NA,NA,P-F07-C01,01m;09d,1,F,31,8,secondary,33,10,secondary,31134,08:21:34,1,5,2,7,unknown,"Rossel Island, Milne Bay Province, PNG",no,agriculturalist,NA,13.8,29.5,2.2,5.8,11.073491871231143,6.293735862833069,2.097617696340303,1.9888578520235065,1,6,8.953333333333333,0.6448467966573816,1,1,1,1,-1.1559136132347119,F,secondary,6+,0.23833221359956921,-0.5720775535473556,0.6033613708385919,0.042410952011194346,-0.2538888888888889,morning,morning,morning,Turn taking,morning,Under 1;0
8427,tt-2,0.72,1,turn-taking,turn-taking,43.199999999999996,0.584,35.04,0.136,8.16,0.148,8.879999999999999,NA,NA,P-F07-C01,01m;09d,1,F,31,8,secondary,33,10,secondary,31134,08:21:34,1,5,2,7,unknown,"Rossel Island, Milne Bay Province, PNG",no,agriculturalist,NA,13.8,29.5,2.2,5.8,11.073491871231143,6.293735862833069,2.097617696340303,1.9888578520235065,1,6,8.970833333333333,0.1888888888888889,1,1,1,1,-1.1559136132347119,F,secondary,6+,0.23833221359956921,-0.5720775535473556,0.6033613708385919,0.042410952011194346,-0.25243055555555555,morning,morning,morning,Turn taking,morning,Under 1;0
8427,tt-3,0.304,1,turn-taking,turn-taking,18.24,0,0,0.304,18.24,0.304,18.24,NA,NA,P-F07-C01,01m;09d,1,F,31,8,secondary,33,10,secondary,31134,08:21:34,1,5,2,7,unknown,"Rossel Island, Milne Bay Province, PNG",no,agriculturalist,NA,13.8,29.5,2.2,5.8,11.073491871231143,6.293735862833069,2.097617696340303,1.9888578520235065,1,1,14.518055555555556,1,1,0,1,1,-1.1559136132347119,F,secondary,6+,0.23833221359956921,-0.5720775535473556,0.6033613708385919,-1.4949860583945977,0.20983796296296298,afternoon,afternoon,afternoon,Turn taking,afternoon,Under 1;0
8427,tt-4,0.285,1,turn-taking,turn-taking,17.099999999999998,0,0,0.285,17.099999999999998,0.285,17.099999999999998,NA,NA,P-F07-C01,01m;09d,1,F,31,8,secondary,33,10,secondary,31134,08:21:34,1,5,2,7,unknown,"Rossel Island, Milne Bay Province, PNG",no,agriculturalist,NA,13.8,29.5,2.2,5.8,11.073491871231143,6.293735862833069,2.097617696340303,1.9888578520235065,1,1,14.537777777777778,1,1,0,1,1,-1.1559136132347119,F,secondary,6+,0.23833221359956921,-0.5720775535473556,0.6033613708385919,-1.4949860583945977,0.21148148148148152,afternoon,afternoon,afternoon,Turn taking,afternoon,Under 1;0
8427,tt-5,0.673,1,turn-taking,turn-taking,40.38,0.439,26.34,0.234,14.040000000000001,0.332,19.92,NA,NA,P-F07-C01,01m;09d,1,F,31,8,secondary,33,10,secondary,31134,08:21:34,1,5,2,7,unknown,"Rossel Island, Milne Bay Province, PNG",no,agriculturalist,NA,13.8,29.5,2.2,5.8,11.073491871231143,6.293735862833069,2.097617696340303,1.9888578520235065,1,4,14.75361111111111,0.3476968796433878,1,1,1,1,-1.1559136132347119,F,secondary,6+,0.23833221359956921,-0.5720775535473556,0.6033613708385919,-0.5725478521511225,0.22946759259259256,afternoon,afternoon,afternoon,Turn taking,afternoon,Under 1;0
9732,ext-tt-2,2.65,5,turn-taking,extension,31.8,1.735,20.82,0.915,10.98,0.943,11.315999999999999,NA,NA,P-F28-C01,04m;13d,4,M,24,14,preparatory,29,6,primary,26300,10:00:47,0,3,1,4,unknown,"Rossel Island, Milne Bay Province, PNG",no,agriculturalist,NA,13.8,29.5,2.2,5.8,11.073491871231143,6.293735862833069,2.097617696340303,1.9888578520235065,2,7,13.390833333333333,0.34528301886792456,1,1,1,1,-0.8849963601328262,M,preparatory,6+,-0.8738847831984204,-1.0488088481701519,-0.9050420562578876,0.34989035409235275,0.11590277777777776,afternoon,afternoon,afternoon,Turn taking,afternoon,Under 1;0
9732,ext-tt-2,2.65,5,turn-taking,extension,31.8,1.735,20.82,0.915,10.98,0.943,11.315999999999999,NA,NA,P-F28-C01,04m;13d,4,M,24,14,preparatory,29,6,primary,26300,10:00:47,0,3,1,4,unknown,"Rossel Island, Milne Bay Province, PNG",no,agriculturalist,NA,13.8,29.5,2.2,5.8,11.073491871231143,6.293735862833069,2.097617696340303,1.9888578520235065,2,7,13.452777777777778,0.34528301886792456,1,1,1,1,-0.8849963601328262,M,preparatory,6+,-0.8738847831984204,-1.0488088481701519,-0.9050420562578876,0.34989035409235275,0.12106481481481479,afternoon,afternoon,afternoon,Turn taking,afternoon,Under 1;0
9732,tt-1,0.299,1,turn-taking,turn-taking,17.939999999999998,0.122,7.32,0.177,10.62,0.177,10.62,NA,NA,P-F28-C01,04m;13d,4,M,24,14,preparatory,29,6,primary,26300,10:00:47,0,3,1,4,unknown,"Rossel Island, Milne Bay Province, PNG",no,agriculturalist,NA,13.8,29.5,2.2,5.8,11.073491871231143,6.293735862833069,2.097617696340303,1.9888578520235065,2,2,11.199166666666667,0.5919732441471571,1,1,1,1,-0.8849963601328262,M,preparatory,6+,-0.8738847831984204,-1.0488088481701519,-0.9050420562578876,-1.1875066563134393,-0.06673611111111111,midday,midday,midday,Turn taking,midday,Under 1;0
9732,tt-2,0.11,1,turn-taking,turn-taking,6.6,0.047,2.82,0.063,3.7800000000000002,0.063,3.7800000000000002,NA,NA,P-F28-C01,04m;13d,4,M,24,14,preparatory,29,6,primary,26300,10:00:47,0,3,1,4,unknown,"Rossel Island, Milne Bay Province, PNG",no,agriculturalist,NA,13.8,29.5,2.2,5.8,11.073491871231143,6.293735862833069,2.097617696340303,1.9888578520235065,2,2,13.436111111111112,0.5727272727272728,1,1,1,1,-0.8849963601328262,M,preparatory,6+,-0.8738847831984204,-1.0488088481701519,-0.9050420562578876,-1.1875066563134393,0.11967592592592598,afternoon,afternoon,afternoon,Turn taking,afternoon,Under 1;0
9732,tt-3,0.158,1,turn-taking,turn-taking,9.48,0.069,4.140000000000001,0.089,5.34,0.089,5.34,NA,NA,P-F28-C01,04m;13d,4,M,24,14,preparatory,29,6,primary,26300,10:00:47,0,3,1,4,unknown,"Rossel Island, Milne Bay Province, PNG",no,agriculturalist,NA,13.8,29.5,2.2,5.8,11.073491871231143,6.293735862833069,2.097617696340303,1.9888578520235065,2,2,13.841388888888888,0.5632911392405063,1,1,1,1,-0.8849963601328262,M,preparatory,6+,-0.8738847831984204,-1.0488088481701519,-0.9050420562578876,-1.1875066563134393,0.15344907407407402,afternoon,afternoon,afternoon,Turn taking,afternoon,Under 1;0
9732,tt-4,0.482,1,turn-taking,turn-taking,28.919999999999998,0.087,5.22,0.395,23.700000000000003,0.395,23.700000000000003,NA,NA,P-F28-C01,04m;13d,4,M,24,14,preparatory,29,6,primary,26300,10:00:47,0,3,1,4,unknown,"Rossel Island, Milne Bay Province, PNG",no,agriculturalist,NA,13.8,29.5,2.2,5.8,11.073491871231143,6.293735862833069,2.097617696340303,1.9888578520235065,2,2,15.990277777777777,0.8195020746887968,1,1,1,1,-0.8849963601328262,M,preparatory,6+,-0.8738847831984204,-1.0488088481701519,-0.9050420562578876,-1.1875066563134393,0.3325231481481481,afternoon,afternoon,afternoon,Turn taking,afternoon,Under 1;0
9732,tt-5,1.148,1,turn-taking,turn-taking,68.88,0.658,39.480000000000004,0.489,29.34,0.495,29.7,NA,NA,P-F28-C01,04m;13d,4,M,24,14,preparatory,29,6,primary,26300,10:00:47,0,3,1,4,unknown,"Rossel Island, Milne Bay Province, PNG",no,agriculturalist,NA,13.8,29.5,2.2,5.8,11.073491871231143,6.293735862833069,2.097617696340303,1.9888578520235065,2,11,16.378333333333334,0.4259581881533101,1,1,1,1,-0.8849963601328262,M,preparatory,6+,-0.8738847831984204,-1.0488088481701519,-0.9050420562578876,1.5798079624169863,0.36486111111111114,afternoon,afternoon,afternoon,Turn taking,afternoon,Under 1;0
1143,random-1,1.778,2.5,NA,NA,42.672000000000004,1.707,40.968,0.071,1.704,0.128,3.072,NA,NA,P-F42-C01,07m;18d,8,M,24,8,secondary,41,9,secondary,32529,09:07:26,1,2,2,4,unknown,"Rossel Island, Milne Bay Province, PNG",no,agriculturalist,NA,13.8,29.5,2.2,5.8,11.073491871231143,6.293735862833069,2.097617696340303,1.9888578520235065,4,8,9.620833333333334,0.03993250843644544,1,1,1,1,-0.5237733559969788,M,secondary,6+,-0.8738847831984204,-0.5720775535473556,-0.9050420562578876,0.549792733995996,-0.19826388888888888,morning,morning,morning,Random,morning,Under 1;0
1143,random-2,2.087,2.5,NA,NA,50.08800000000001,1.883,45.192,0.204,4.896,0.318,7.632000000000001,NA,NA,P-F42-C01,07m;18d,8,M,24,8,secondary,41,9,secondary,32529,09:07:26,1,2,2,4,unknown,"Rossel Island, Milne Bay Province, PNG",no,agriculturalist,NA,13.8,29.5,2.2,5.8,11.073491871231143,6.293735862833069,2.097617696340303,1.9888578520235065,4,3,10.414444444444445,0.09774796358409198,1,1,1,1,-0.5237733559969788,M,secondary,6+,-0.8738847831984204,-0.5720775535473556,-0.9050420562578876,-0.9680399672199441,-0.13212962962962957,morning,morning,morning,Random,morning,Under 1;0
1143,random-3,2.297,2.5,NA,NA,55.128,2.262,54.288000000000004,0.035,0.8400000000000001,0.096,2.3040000000000003,NA,NA,P-F42-C01,07m;18d,8,M,24,8,secondary,41,9,secondary,32529,09:07:26,1,2,2,4,unknown,"Rossel Island, Milne Bay Province, PNG",no,agriculturalist,NA,13.8,29.5,2.2,5.8,11.073491871231143,6.293735862833069,2.097617696340303,1.9888578520235065,4,5,10.956111111111111,0.0152372659991293,1,1,1,1,-0.5237733559969788,M,secondary,6+,-0.8738847831984204,-0.5720775535473556,-0.9050420562578876,-0.3609068867335681,-0.08699074074074072,morning,morning,morning,Random,morning,Under 1;0
1143,random-4,1.143,2.5,NA,NA,27.432,1.028,24.672,0.115,2.76,0.349,8.376,NA,NA,P-F42-C01,07m;18d,8,M,24,8,secondary,41,9,secondary,32529,09:07:26,1,2,2,4,unknown,"Rossel Island, Milne Bay Province, PNG",no,agriculturalist,NA,13.8,29.5,2.2,5.8,11.073491871231143,6.293735862833069,2.097617696340303,1.9888578520235065,4,6,12.609722222222222,0.10061242344706912,1,1,1,1,-0.5237733559969788,M,secondary,6+,-0.8738847831984204,-0.5720775535473556,-0.9050420562578876,-0.05734034649038003,0.05081018518518521,midday,midday,midday,Random,midday,Under 1;0
1143,random-5,3.625,2.5,NA,NA,87,3.625,87,0,0,0,0,NA,NA,P-F42-C01,07m;18d,8,M,24,8,secondary,41,9,secondary,32529,09:07:26,1,2,2,4,unknown,"Rossel Island, Milne Bay Province, PNG",no,agriculturalist,NA,13.8,29.5,2.2,5.8,11.073491871231143,6.293735862833069,2.097617696340303,1.9888578520235065,4,8,13.709444444444445,0,1,1,0,0,-0.5237733559969788,M,secondary,6+,-0.8738847831984204,-0.5720775535473556,-0.9050420562578876,0.549792733995996,0.14245370370370378,afternoon,afternoon,afternoon,Random,afternoon,Under 1;0
1143,random-6,2.406,2.5,NA,NA,57.744,2.386,57.264,0.02,0.48,0.436,10.464,NA,NA,P-F42-C01,07m;18d,8,M,24,8,secondary,41,9,secondary,32529,09:07:26,1,2,2,4,unknown,"Rossel Island, Milne Bay Province, PNG",no,agriculturalist,NA,13.8,29.5,2.2,5.8,11.073491871231143,6.293735862833069,2.097617696340303,1.9888578520235065,4,7,15.23638888888889,0.00831255195344971,1,1,1,1,-0.5237733559969788,M,secondary,6+,-0.8738847831984204,-0.5720775535473556,-0.9050420562578876,0.246226193752808,0.2696990740740741,afternoon,afternoon,afternoon,Random,afternoon,Under 1;0
1143,random-7,1.016,2.5,NA,NA,24.384,0.832,19.968,0.185,4.4399999999999995,0.313,7.5120000000000005,NA,NA,P-F42-C01,07m;18d,8,M,24,8,secondary,41,9,secondary,32529,09:07:26,1,2,2,4,unknown,"Rossel Island, Milne Bay Province, PNG",no,agriculturalist,NA,13.8,29.5,2.2,5.8,11.073491871231143,6.293735862833069,2.097617696340303,1.9888578520235065,4,4,16.3725,0.18208661417322833,1,1,1,1,-0.5237733559969788,M,secondary,6+,-0.8738847831984204,-0.5720775535473556,-0.9050420562578876,-0.664473426976756,0.3643749999999999,afternoon,afternoon,afternoon,Random,afternoon,Under 1;0
1143,random-8,2.898,2.5,NA,NA,69.552,2.568,61.632000000000005,0.33,7.92,2.898,69.552,NA,NA,P-F42-C01,07m;18d,8,M,24,8,secondary,41,9,secondary,32529,09:07:26,1,2,2,4,unknown,"Rossel Island, Milne Bay Province, PNG",no,agriculturalist,NA,13.8,29.5,2.2,5.8,11.073491871231143,6.293735862833069,2.097617696340303,1.9888578520235065,4,6,17.05472222222222,0.11387163561076605,1,1,1,1,-0.5237733559969788,M,secondary,6+,-0.8738847831984204,-0.5720775535473556,-0.9050420562578876,-0.05734034649038003,0.42122685185185177,afternoon,afternoon,afternoon,Random,afternoon,Under 1;0
1143,random-9,1.403,2.5,NA,NA,33.672000000000004,1.351,32.424,0.052,1.248,0.552,13.248000000000001,NA,NA,P-F42-C01,07m;18d,8,M,24,8,secondary,41,9,secondary,32529,09:07:26,1,2,2,4,unknown,"Rossel Island, Milne Bay Province, PNG",no,agriculturalist,NA,13.8,29.5,2.2,5.8,11.073491871231143,6.293735862833069,2.097617696340303,1.9888578520235065,4,7,17.540555555555557,0.037063435495367066,1,1,1,1,-0.5237733559969788,M,secondary,6+,-0.8738847831984204,-0.5720775535473556,-0.9050420562578876,0.246226193752808,0.46171296296296305,afternoon,afternoon,afternoon,Random,afternoon,Under 1;0
2977,random-1,1.248,2.5,NA,NA,29.951999999999998,1.146,27.503999999999998,0.102,2.448,0.326,7.824000000000001,NA,NA,P-F23-C01,12m;29d,13,F,30,6,primary,34,6,primary,29372,08:15:58,5,2,6,8,unknown,"Rossel Island, Milne Bay Province, PNG",no,agriculturalist,NA,13.8,29.5,2.2,5.8,11.073491871231143,6.293735862833069,2.097617696340303,1.9888578520235065,6,8,8.412222222222223,0.08173076923076923,1,1,1,1,-0.07224460082716955,F,primary,0-5,0.0794440711998564,1.3348476249438292,1.106162513204085,0.549792733995996,-0.29898148148148146,morning,morning,morning,Random,morning,1;0+
2977,random-2,2.843,2.5,NA,NA,68.232,2.553,61.27199999999999,0.29,6.959999999999999,0.29,6.959999999999999,NA,NA,P-F23-C01,12m;29d,13,F,30,6,primary,34,6,primary,29372,08:15:58,5,2,6,8,unknown,"Rossel Island, Milne Bay Province, PNG",no,agriculturalist,NA,13.8,29.5,2.2,5.8,11.073491871231143,6.293735862833069,2.097617696340303,1.9888578520235065,6,8,8.8469444444444445,0.10200492437565951,1,1,1,1,-0.07224460082716955,F,primary,0-5,0.0794440711998564,1.3348476249438292,1.106162513204085,0.549792733995996,-0.26275462962962964,morning,morning,morning,Random,morning,1;0+
2977,random-3,2.745,2.5,NA,NA,65.88000000000001,2.626,63.024,0.118,2.832,0.483,11.591999999999999,NA,NA,P-F23-C01,12m;29d,13,F,30,6,primary,34,6,primary,29372,08:15:58,5,2,6,8,unknown,"Rossel Island, Milne Bay Province, PNG",no,agriculturalist,NA,13.8,29.5,2.2,5.8,11.073491871231143,6.293735862833069,2.097617696340303,1.9888578520235065,6,9,10.020277777777778,0.04298724954462659,1,1,1,1,-0.07224460082716955,F,primary,0-5,0.0794440711998564,1.3348476249438292,1.106162513204085,0.8533592742391841,-0.16497685185185182,morning,morning,morning,Random,morning,1;0+
2977,random-4,3.554,2.5,NA,NA,85.29599999999999,3.515,84.36000000000001,0.039,0.9359999999999999,0.381,9.144,NA,NA,P-F23-C01,12m;29d,13,F,30,6,primary,34,6,primary,29372,08:15:58,5,2,6,8,unknown,"Rossel Island, Milne Bay Province, PNG",no,agriculturalist,NA,13.8,29.5,2.2,5.8,11.073491871231143,6.293735862833069,2.097617696340303,1.9888578520235065,6,13,11.029444444444444,0.010973550928531233,1,1,1,1,-0.07224460082716955,F,primary,0-5,0.0794440711998564,1.3348476249438292,1.106162513204085,2.0676254352119363,-0.08087962962962969,midday,midday,midday,Random,midday,1;0+
2977,random-5,3.777,2.5,NA,NA,90.64800000000001,3.777,90.64800000000001,0,0,0.484,11.616,NA,NA,P-F23-C01,12m;29d,13,F,30,6,primary,34,6,primary,29372,08:15:58,5,2,6,8,unknown,"Rossel Island, Milne Bay Province, PNG",no,agriculturalist,NA,13.8,29.5,2.2,5.8,11.073491871231143,6.293735862833069,2.097617696340303,1.9888578520235065,6,13,12.173333333333334,0,1,1,0,1,-0.07224460082716955,F,primary,0-5,0.0794440711998564,1.3348476249438292,1.106162513204085,2.0676254352119363,0.014444444444444482,midday,midday,midday,Random,midday,1;0+
2977,random-6,0.066,2.5,NA,NA,1.584,0.066,1.584,0,0,0,0,NA,NA,P-F23-C01,12m;29d,13,F,30,6,primary,34,6,primary,29372,08:15:58,5,2,6,8,unknown,"Rossel Island, Milne Bay Province, PNG",no,agriculturalist,NA,13.8,29.5,2.2,5.8,11.073491871231143,6.293735862833069,2.097617696340303,1.9888578520235065,6,3,13.002222222222223,0,1,1,0,0,-0.07224460082716955,F,primary,0-5,0.0794440711998564,1.3348476249438292,1.106162513204085,-0.9680399672199441,0.08351851851851855,afternoon,afternoon,afternoon,Random,afternoon,1;0+
2977,random-7,1.005,2.5,NA,NA,24.119999999999997,0.702,16.848,0.303,7.272,0.46,11.04,NA,NA,P-F23-C01,12m;29d,13,F,30,6,primary,34,6,primary,29372,08:15:58,5,2,6,8,unknown,"Rossel Island, Milne Bay Province, PNG",no,agriculturalist,NA,13.8,29.5,2.2,5.8,11.073491871231143,6.293735862833069,2.097617696340303,1.9888578520235065,6,7,13.795833333333333,0.30149253731343284,1,1,1,1,-0.07224460082716955,F,primary,0-5,0.0794440711998564,1.3348476249438292,1.106162513204085,0.246226193752808,0.14965277777777772,afternoon,afternoon,afternoon,Random,afternoon,1;0+
2977,random-8,3.296,2.5,NA,NA,79.104,3.296,79.104,0,0,0.495,11.88,NA,NA,P-F23-C01,12m;29d,13,F,30,6,primary,34,6,primary,29372,08:15:58,5,2,6,8,unknown,"Rossel Island, Milne Bay Province, PNG",no,agriculturalist,NA,13.8,29.5,2.2,5.8,11.073491871231143,6.293735862833069,2.097617696340303,1.9888578520235065,6,8,13.885,0,1,1,0,1,-0.07224460082716955,F,primary,0-5,0.0794440711998564,1.3348476249438292,1.106162513204085,0.549792733995996,0.15708333333333332,afternoon,afternoon,afternoon,Random,afternoon,1;0+
2977,random-9,3.13,2.5,NA,NA,75.12,2.487,59.688,0.643,15.431999999999999,1.196,28.704,NA,NA,P-F23-C01,12m;29d,13,F,30,6,primary,34,6,primary,29372,08:15:58,5,2,6,8,unknown,"Rossel Island, Milne Bay Province, PNG",no,agriculturalist,NA,13.8,29.5,2.2,5.8,11.073491871231143,6.293735862833069,2.097617696340303,1.9888578520235065,6,15,14.567777777777778,0.20543130990415337,1,1,1,1,-0.07224460082716955,F,primary,0-5,0.0794440711998564,1.3348476249438292,1.106162513204085,2.674758515698312,0.21398148148148147,afternoon,afternoon,afternoon,Random,afternoon,1;0+
3729,random-1,1.852,2.5,NA,NA,44.448,1.785,42.839999999999996,0.067,1.608,0.478,11.472,NA,NA,P-F32-C01,03m;19d,4,M,37,6,primary,45,4,none,29143,09:05:25,5,3,5,8,unknown,"Rossel Island, Milne Bay Province, PNG",no,agriculturalist,Father's age is estimated,13.8,29.5,2.2,5.8,11.073491871231143,6.293735862833069,2.097617696340303,1.9888578520235065,3,12,9.610833333333334,0.036177105831533475,1,1,1,1,-0.8849963601328262,M,primary,0-5,1.191661067997846,1.3348476249438292,1.106162513204085,1.7640588949687481,-0.19909722222222218,morning,morning,morning,Random,morning,Under 1;0
3729,random-2,2.387,2.5,NA,NA,57.288,1.673,40.152,0.714,17.136,2.05,49.199999999999996,NA,NA,P-F32-C01,03m;19d,4,M,37,6,primary,45,4,none,29143,09:05:25,5,3,5,8,unknown,"Rossel Island, Milne Bay Province, PNG",no,agriculturalist,Father's age is estimated,13.8,29.5,2.2,5.8,11.073491871231143,6.293735862833069,2.097617696340303,1.9888578520235065,3,5,10.295555555555556,0.2991202346041056,1,1,1,1,-0.8849963601328262,M,primary,0-5,1.191661067997846,1.3348476249438292,1.106162513204085,-0.3609068867335681,-0.14203703703703704,morning,morning,morning,Random,morning,Under 1;0
3729,random-3,2.004,2.5,NA,NA,48.096,1.985,47.64,0.019,0.456,1.169,28.056,NA,NA,P-F32-C01,03m;19d,4,M,37,6,primary,45,4,none,29143,09:05:25,5,3,5,8,unknown,"Rossel Island, Milne Bay Province, PNG",no,agriculturalist,Father's age is estimated,13.8,29.5,2.2,5.8,11.073491871231143,6.293735862833069,2.097617696340303,1.9888578520235065,3,8,11.139444444444445,0.009481037924151696,1,1,1,1,-0.8849963601328262,M,primary,0-5,1.191661067997846,1.3348476249438292,1.106162513204085,0.549792733995996,-0.07171296296296292,midday,midday,midday,Random,midday,Under 1;0
3729,random-4,0.75,2.5,NA,NA,18,0.492,11.808,0.258,6.192,0.485,11.64,NA,NA,P-F32-C01,03m;19d,4,M,37,6,primary,45,4,none,29143,09:05:25,5,3,5,8,unknown,"Rossel Island, Milne Bay Province, PNG",no,agriculturalist,Father's age is estimated,13.8,29.5,2.2,5.8,11.073491871231143,6.293735862833069,2.097617696340303,1.9888578520235065,3,3,12.050277777777778,0.34400000000000003,1,1,1,1,-0.8849963601328262,M,primary,0-5,1.191661067997846,1.3348476249438292,1.106162513204085,-0.9680399672199441,0.004189814814814803,midday,midday,midday,Random,midday,Under 1;0
3729,random-5,2.61,2.5,NA,NA,62.64,2.61,62.64,0,0,0.763,18.312,NA,NA,P-F32-C01,03m;19d,4,M,37,6,primary,45,4,none,29143,09:05:25,5,3,5,8,unknown,"Rossel Island, Milne Bay Province, PNG",no,agriculturalist,Father's age is estimated,13.8,29.5,2.2,5.8,11.073491871231143,6.293735862833069,2.097617696340303,1.9888578520235065,3,6,12.612222222222222,0,1,1,0,1,-0.8849963601328262,M,primary,0-5,1.191661067997846,1.3348476249438292,1.106162513204085,-0.05734034649038003,0.0510185185185185,midday,midday,midday,Random,midday,Under 1;0
3729,random-6,2.212,2.5,NA,NA,53.088,2.212,53.088,0,0,0.327,7.848,NA,NA,P-F32-C01,03m;19d,4,M,37,6,primary,45,4,none,29143,09:05:25,5,3,5,8,unknown,"Rossel Island, Milne Bay Province, PNG",no,agriculturalist,Father's age is estimated,13.8,29.5,2.2,5.8,11.073491871231143,6.293735862833069,2.097617696340303,1.9888578520235065,3,5,13.3525,0,1,1,0,1,-0.8849963601328262,M,primary,0-5,1.191661067997846,1.3348476249438292,1.106162513204085,-0.3609068867335681,0.11270833333333326,afternoon,afternoon,afternoon,Random,afternoon,Under 1;0
3729,random-7,2.319,2.5,NA,NA,55.656,2.193,52.632,0.126,3.024,0.907,21.768,NA,NA,P-F32-C01,03m;19d,4,M,37,6,primary,45,4,none,29143,09:05:25,5,3,5,8,unknown,"Rossel Island, Milne Bay Province, PNG",no,agriculturalist,Father's age is estimated,13.8,29.5,2.2,5.8,11.073491871231143,6.293735862833069,2.097617696340303,1.9888578520235065,3,7,14.18388888888889,0.054333764553686936,1,1,1,1,-0.8849963601328262,M,primary,0-5,1.191661067997846,1.3348476249438292,1.106162513204085,0.246226193752808,0.18199074074074076,afternoon,afternoon,afternoon,Random,afternoon,Under 1;0
3729,random-8,2.193,2.5,NA,NA,52.632,2.173,52.152,0.019,0.456,0.449,10.776,NA,NA,P-F32-C01,03m;19d,4,M,37,6,primary,45,4,none,29143,09:05:25,5,3,5,8,unknown,"Rossel Island, Milne Bay Province, PNG",no,agriculturalist,Father's age is estimated,13.8,29.5,2.2,5.8,11.073491871231143,6.293735862833069,2.097617696340303,1.9888578520235065,3,8,14.838611111111112,0.008663930688554491,1,1,1,1,-0.8849963601328262,M,primary,0-5,1.191661067997846,1.3348476249438292,1.106162513204085,0.549792733995996,0.23655092592592597,afternoon,afternoon,afternoon,Random,afternoon,Under 1;0
3729,random-9,4.313,2.5,NA,NA,103.51199999999999,4.313,103.51199999999999,0,0,2.414,57.936,NA,NA,P-F32-C01,03m;19d,4,M,37,6,primary,45,4,none,29143,09:05:25,5,3,5,8,unknown,"Rossel Island, Milne Bay Province, PNG",no,agriculturalist,Father's age is estimated,13.8,29.5,2.2,5.8,11.073491871231143,6.293735862833069,2.097617696340303,1.9888578520235065,3,9,16.47111111111111,0,1,1,0,1,-0.8849963601328262,M,primary,0-5,1.191661067997846,1.3348476249438292,1.106162513204085,0.8533592742391841,0.37259259259259253,afternoon,afternoon,afternoon,Random,afternoon,Under 1;0
3956,random-1,2.495,2.5,NA,NA,59.88,1.632,39.168,0.862,20.688,1.312,31.488000000000003,NA,NA,P-F31-C01,25m;22d,26,F,21,8,secondary,33,10,secondary,29670,08:55:04,0,2,1,3,unknown,"Rossel Island, Milne Bay Province, PNG",no,agriculturalist,NA,13.8,29.5,2.2,5.8,11.073491871231143,6.293735862833069,2.097617696340303,1.9888578520235065,9,9,9.54111111111111,0.34549098196392786,1,1,1,1,1.1017301626143345,F,secondary,6+,-1.350549210397559,-1.0488088481701519,-1.4078431986233808,0.8533592742391841,-0.20490740740740745,morning,morning,morning,Random,morning,1;0+
3956,random-2,2.754,2.5,NA,NA,66.09599999999999,2.635,63.23999999999999,0.119,2.856,1.466,35.184000000000005,NA,NA,P-F31-C01,25m;22d,26,F,21,8,secondary,33,10,secondary,29670,08:55:04,0,2,1,3,unknown,"Rossel Island, Milne Bay Province, PNG",no,agriculturalist,NA,13.8,29.5,2.2,5.8,11.073491871231143,6.293735862833069,2.097617696340303,1.9888578520235065,9,10,10.524444444444445,0.043209876543209874,1,1,1,1,1.1017301626143345,F,secondary,6+,-1.350549210397559,-1.0488088481701519,-1.4078431986233808,1.1569258144823722,-0.12296296296296294,morning,morning,morning,Random,morning,1;0+
3956,random-3,0.441,2.5,NA,NA,10.584,0.16,3.84,0.281,6.744000000000001,0.281,6.744000000000001,NA,NA,P-F31-C01,25m;22d,26,F,21,8,secondary,33,10,secondary,29670,08:55:04,0,2,1,3,unknown,"Rossel Island, Milne Bay Province, PNG",no,agriculturalist,NA,13.8,29.5,2.2,5.8,11.073491871231143,6.293735862833069,2.097617696340303,1.9888578520235065,9,5,11.315,0.63718820861678,1,1,1,1,1.1017301626143345,F,secondary,6+,-1.350549210397559,-1.0488088481701519,-1.4078431986233808,-0.3609068867335681,-0.057083333333333375,midday,midday,midday,Random,midday,1;0+
3956,random-4,0.834,2.5,NA,NA,20.016000000000002,0.646,15.504000000000001,0.188,4.5120000000000005,0.528,12.672,NA,NA,P-F31-C01,25m;22d,26,F,21,8,secondary,33,10,secondary,29670,08:55:04,0,2,1,3,unknown,"Rossel Island, Milne Bay Province, PNG",no,agriculturalist,NA,13.8,29.5,2.2,5.8,11.073491871231143,6.293735862833069,2.097617696340303,1.9888578520235065,9,5,12.035555555555556,0.22541966426858515,1,1,1,1,1.1017301626143345,F,secondary,6+,-1.350549210397559,-1.0488088481701519,-1.4078431986233808,-0.3609068867335681,0.002962962962962982,midday,midday,midday,Random,midday,1;0+
3956,random-5,0.423,2.5,NA,NA,10.152,0,0,0.423,10.152,0.423,10.152,NA,NA,P-F31-C01,25m;22d,26,F,21,8,secondary,33,10,secondary,29670,08:55:04,0,2,1,3,unknown,"Rossel Island, Milne Bay Province, PNG",no,agriculturalist,NA,13.8,29.5,2.2,5.8,11.073491871231143,6.293735862833069,2.097617696340303,1.9888578520235065,9,1,12.988333333333333,1,1,0,1,1,1.1017301626143345,F,secondary,6+,-1.350549210397559,-1.0488088481701519,-1.4078431986233808,-1.5751730477063202,0.08236111111111111,midday,midday,midday,Random,midday,1;0+
3956,random-6,0.025,2.5,NA,NA,0.6,0,0,0.025,0.6,0.025,0.6,NA,NA,P-F31-C01,25m;22d,26,F,21,8,secondary,33,10,secondary,29670,08:55:04,0,2,1,3,unknown,"Rossel Island, Milne Bay Province, PNG",no,agriculturalist,NA,13.8,29.5,2.2,5.8,11.073491871231143,6.293735862833069,2.097617696340303,1.9888578520235065,9,1,14.366111111111111,1,1,0,1,1,1.1017301626143345,F,secondary,6+,-1.350549210397559,-1.0488088481701519,-1.4078431986233808,-1.5751730477063202,0.19717592592592595,afternoon,afternoon,afternoon,Random,afternoon,1;0+
3956,random-7,0.681,2.5,NA,NA,16.344,0.539,12.936,0.142,3.408,0.277,6.648000000000001,NA,NA,P-F31-C01,25m;22d,26,F,21,8,secondary,33,10,secondary,29670,08:55:04,0,2,1,3,unknown,"Rossel Island, Milne Bay Province, PNG",no,agriculturalist,NA,13.8,29.5,2.2,5.8,11.073491871231143,6.293735862833069,2.097617696340303,1.9888578520235065,9,8,15.479166666666666,0.2085168869309838,1,1,1,1,1.1017301626143345,F,secondary,6+,-1.350549210397559,-1.0488088481701519,-1.4078431986233808,0.549792733995996,0.2899305555555555,afternoon,afternoon,afternoon,Random,afternoon,1;0+
3956,random-8,0.559,2.5,NA,NA,13.416,0.262,6.288,0.298,7.152,0.372,8.927999999999999,NA,NA,P-F31-C01,25m;22d,26,F,21,8,secondary,33,10,secondary,29670,08:55:04,0,2,1,3,unknown,"Rossel Island, Milne Bay Province, PNG",no,agriculturalist,NA,13.8,29.5,2.2,5.8,11.073491871231143,6.293735862833069,2.097617696340303,1.9888578520235065,9,4,15.778611111111111,0.5330948121645795,1,1,1,1,1.1017301626143345,F,secondary,6+,-1.350549210397559,-1.0488088481701519,-1.4078431986233808,-0.664473426976756,0.3148842592592593,afternoon,afternoon,afternoon,Random,afternoon,1;0+
3956,random-9,4.163,2.5,NA,NA,99.912,4.152,99.648,0.01,0.24,3.891,93.384,NA,NA,P-F31-C01,25m;22d,26,F,21,8,secondary,33,10,secondary,29670,08:55:04,0,2,1,3,unknown,"Rossel Island, Milne Bay Province, PNG",no,agriculturalist,NA,13.8,29.5,2.2,5.8,11.073491871231143,6.293735862833069,2.097617696340303,1.9888578520235065,9,12,16.44638888888889,0.002402113860196973,1,1,1,1,1.1017301626143345,F,secondary,6+,-1.350549210397559,-1.0488088481701519,-1.4078431986233808,1.7640588949687481,0.3705324074074075,afternoon,afternoon,afternoon,Random,afternoon,1;0+
4569,random-1,0.12,2.5,NA,NA,2.88,0.12,2.88,0,0,0,0,NA,NA,P-F11-C01,20m;03d,20,F,33,6,primary,41,10,secondary,31752,08:20:44,5,2,6,8,unknown,"Rossel Island, Milne Bay Province, PNG",no,agriculturalist,NA,13.8,29.5,2.2,5.8,11.073491871231143,6.293735862833069,2.097617696340303,1.9888578520235065,8,2,9.301388888888889,0,1,1,0,0,0.5598956564105635,F,primary,0-5,0.5561084983989948,1.3348476249438292,1.106162513204085,-1.2716065074631322,-0.22488425925925926,morning,morning,morning,Random,morning,1;0+
4569,random-2,0.66,2.5,NA,NA,15.84,0.471,11.303999999999998,0.188,4.5120000000000005,0.485,11.64,NA,NA,P-F11-C01,20m;03d,20,F,33,6,primary,41,10,secondary,31752,08:20:44,5,2,6,8,unknown,"Rossel Island, Milne Bay Province, PNG",no,agriculturalist,NA,13.8,29.5,2.2,5.8,11.073491871231143,6.293735862833069,2.097617696340303,1.9888578520235065,8,4,9.874166666666667,0.28484848484848485,1,1,1,1,0.5598956564105635,F,primary,0-5,0.5561084983989948,1.3348476249438292,1.106162513204085,-0.664473426976756,-0.17715277777777771,morning,morning,morning,Random,morning,1;0+
4569,random-3,0.792,2.5,NA,NA,19.008000000000003,0.66,15.84,0.131,3.144,0.707,16.968,NA,NA,P-F11-C01,20m;03d,20,F,33,6,primary,41,10,secondary,31752,08:20:44,5,2,6,8,unknown,"Rossel Island, Milne Bay Province, PNG",no,agriculturalist,NA,13.8,29.5,2.2,5.8,11.073491871231143,6.293735862833069,2.097617696340303,1.9888578520235065,8,6,10.904444444444444,0.16540404040404041,1,1,1,1,0.5598956564105635,F,primary,0-5,0.5561084983989948,1.3348476249438292,1.106162513204085,-0.05734034649038003,-0.09129629629629636,morning,morning,morning,Random,morning,1;0+
4569,random-4,0.104,2.5,NA,NA,2.496,0.036,0.864,0.068,1.6320000000000001,0.096,2.3040000000000003,NA,NA,P-F11-C01,20m;03d,20,F,33,6,primary,41,10,secondary,31752,08:20:44,5,2,6,8,unknown,"Rossel Island, Milne Bay Province, PNG",no,agriculturalist,NA,13.8,29.5,2.2,5.8,11.073491871231143,6.293735862833069,2.097617696340303,1.9888578520235065,8,2,12.137222222222222,0.653846153846154,1,1,1,1,0.5598956564105635,F,primary,0-5,0.5561084983989948,1.3348476249438292,1.106162513204085,-1.2716065074631322,0.011435185185185196,midday,midday,midday,Random,midday,1;0+
4569,random-5,2.258,2.5,NA,NA,54.192,2.182,52.368,0.076,1.824,0.631,15.144,NA,NA,P-F11-C01,20m;03d,20,F,33,6,primary,41,10,secondary,31752,08:20:44,5,2,6,8,unknown,"Rossel Island, Milne Bay Province, PNG",no,agriculturalist,NA,13.8,29.5,2.2,5.8,11.073491871231143,6.293735862833069,2.097617696340303,1.9888578520235065,8,7,13.21111111111111,0.03365810451727192,1,1,1,1,0.5598956564105635,F,primary,0-5,0.5561084983989948,1.3348476249438292,1.106162513204085,0.246226193752808,0.10092592592592586,afternoon,afternoon,afternoon,Random,afternoon,1;0+
4569,random-6,0.919,2.5,NA,NA,22.056,0.919,22.056,0,0,0.535,12.840000000000002,NA,NA,P-F11-C01,20m;03d,20,F,33,6,primary,41,10,secondary,31752,08:20:44,5,2,6,8,unknown,"Rossel Island, Milne Bay Province, PNG",no,agriculturalist,NA,13.8,29.5,2.2,5.8,11.073491871231143,6.293735862833069,2.097617696340303,1.9888578520235065,8,7,14.793333333333333,0,1,1,0,1,0.5598956564105635,F,primary,0-5,0.5561084983989948,1.3348476249438292,1.106162513204085,0.246226193752808,0.23277777777777775,afternoon,afternoon,afternoon,Random,afternoon,1;0+
4569,random-7,2.35,2.5,NA,NA,56.400000000000006,2.35,56.400000000000006,0,0,1.216,29.184,NA,NA,P-F11-C01,20m;03d,20,F,33,6,primary,41,10,secondary,31752,08:20:44,5,2,6,8,unknown,"Rossel Island, Milne Bay Province, PNG",no,agriculturalist,NA,13.8,29.5,2.2,5.8,11.073491871231143,6.293735862833069,2.097617696340303,1.9888578520235065,8,8,15.721944444444444,0,1,1,0,1,0.5598956564105635,F,primary,0-5,0.5561084983989948,1.3348476249438292,1.106162513204085,0.549792733995996,0.31016203703703704,afternoon,afternoon,afternoon,Random,afternoon,1;0+
4569,random-8,2.177,2.5,NA,NA,52.248000000000005,2.167,52.007999999999996,0.011,0.26399999999999996,2.108,50.592000000000006,NA,NA,P-F11-C01,20m;03d,20,F,33,6,primary,41,10,secondary,31752,08:20:44,5,2,6,8,unknown,"Rossel Island, Milne Bay Province, PNG",no,agriculturalist,NA,13.8,29.5,2.2,5.8,11.073491871231143,6.293735862833069,2.097617696340303,1.9888578520235065,8,5,16.572222222222223,0.005052824988516306,1,1,1,1,0.5598956564105635,F,primary,0-5,0.5561084983989948,1.3348476249438292,1.106162513204085,-0.3609068867335681,0.3810185185185186,afternoon,afternoon,afternoon,Random,afternoon,1;0+
4569,random-9,1.583,2.5,NA,NA,37.992,1.375,33,0.209,5.016,1.419,34.056,NA,NA,P-F11-C01,20m;03d,20,F,33,6,primary,41,10,secondary,31752,08:20:44,5,2,6,8,unknown,"Rossel Island, Milne Bay Province, PNG",no,agriculturalist,NA,13.8,29.5,2.2,5.8,11.073491871231143,6.293735862833069,2.097617696340303,1.9888578520235065,8,6,17.0425,0.13202779532533165,1,1,1,1,0.5598956564105635,F,primary,0-5,0.5561084983989948,1.3348476249438292,1.106162513204085,-0.05734034649038003,0.42020833333333335,afternoon,afternoon,afternoon,Random,afternoon,1;0+
5019,random-1,1.386,2.5,NA,NA,33.264,1.284,30.816000000000003,0.102,2.448,1.386,33.264,NA,NA,P-F13-C01,35m;29d,36,M,41,6,primary,44,6,primary,30553,08:33:01,3,2,5,7,unknown,"Rossel Island, Milne Bay Province, PNG",no,agriculturalist,NA,13.8,29.5,2.2,5.8,11.073491871231143,6.293735862833069,2.097617696340303,1.9888578520235065,10,2,9.776944444444444,0.0735930735930736,1,1,1,1,2.0047876729539533,M,primary,0-5,1.8272136375966972,0.3813850356982369,0.6033613708385919,-1.2716065074631322,-0.18525462962962966,morning,morning,morning,Random,morning,1;0+
5019,random-2,1.58,2.5,NA,NA,37.92,1.303,31.272,0.278,6.672000000000001,1.241,29.784000000000002,NA,NA,P-F13-C01,35m;29d,36,M,41,6,primary,44,6,primary,30553,08:33:01,3,2,5,7,unknown,"Rossel Island, Milne Bay Province, PNG",no,agriculturalist,NA,13.8,29.5,2.2,5.8,11.073491871231143,6.293735862833069,2.097617696340303,1.9888578520235065,10,6,10.615833333333333,0.1759493670886076,1,1,1,1,2.0047876729539533,M,primary,0-5,1.8272136375966972,0.3813850356982369,0.6033613708385919,-0.05734034649038003,-0.11534722222222227,morning,morning,morning,Random,morning,1;0+
5019,random-3,1.697,2.5,NA,NA,40.728,1.631,39.144,0.066,1.584,1.503,36.071999999999996,NA,NA,P-F13-C01,35m;29d,36,M,41,6,primary,44,6,primary,30553,08:33:01,3,2,5,7,unknown,"Rossel Island, Milne Bay Province, PNG",no,agriculturalist,NA,13.8,29.5,2.2,5.8,11.073491871231143,6.293735862833069,2.097617696340303,1.9888578520235065,10,6,11.5775,0.038892162639952856,1,1,1,1,2.0047876729539533,M,primary,0-5,1.8272136375966972,0.3813850356982369,0.6033613708385919,-0.05734034649038003,-0.035208333333333286,midday,midday,midday,Random,midday,1;0+
5019,random-4,2.698,2.5,NA,NA,64.752,2.521,60.504,0.178,4.272,0.879,21.096,NA,NA,P-F13-C01,35m;29d,36,M,41,6,primary,44,6,primary,30553,08:33:01,3,2,5,7,unknown,"Rossel Island, Milne Bay Province, PNG",no,agriculturalist,NA,13.8,29.5,2.2,5.8,11.073491871231143,6.293735862833069,2.097617696340303,1.9888578520235065,10,19,12.580555555555556,0.06597479614529281,1,1,1,1,2.0047876729539533,M,primary,0-5,1.8272136375966972,0.3813850356982369,0.6033613708385919,3.889024676671064,0.04837962962962964,midday,midday,midday,Random,midday,1;0+
5019,random-5,1.037,2.5,NA,NA,24.887999999999998,0.748,17.952,0.288,6.912,0.689,16.535999999999998,NA,NA,P-F13-C01,35m;29d,36,M,41,6,primary,44,6,primary,30553,08:33:01,3,2,5,7,unknown,"Rossel Island, Milne Bay Province, PNG",no,agriculturalist,NA,13.8,29.5,2.2,5.8,11.073491871231143,6.293735862833069,2.097617696340303,1.9888578520235065,10,4,12.898055555555555,0.2777242044358727,1,1,1,1,2.0047876729539533,M,primary,0-5,1.8272136375966972,0.3813850356982369,0.6033613708385919,-0.664473426976756,0.0748379629629629,midday,midday,midday,Random,midday,1;0+
5019,random-6,0.762,2.5,NA,NA,18.288,0.712,17.088,0.05,1.2,0.634,15.216,NA,NA,P-F13-C01,35m;29d,36,M,41,6,primary,44,6,primary,30553,08:33:01,3,2,5,7,unknown,"Rossel Island, Milne Bay Province, PNG",no,agriculturalist,NA,13.8,29.5,2.2,5.8,11.073491871231143,6.293735862833069,2.097617696340303,1.9888578520235065,10,4,13.554722222222223,0.06561679790026247,1,1,1,1,2.0047876729539533,M,primary,0-5,1.8272136375966972,0.3813850356982369,0.6033613708385919,-0.664473426976756,0.12956018518518522,afternoon,afternoon,afternoon,Random,afternoon,1;0+
5019,random-7,0.3,2.5,NA,NA,7.199999999999999,0.037,0.8879999999999999,0.263,6.312,0.3,7.199999999999999,NA,NA,P-F13-C01,35m;29d,36,M,41,6,primary,44,6,primary,30553,08:33:01,3,2,5,7,unknown,"Rossel Island, Milne Bay Province, PNG",no,agriculturalist,NA,13.8,29.5,2.2,5.8,11.073491871231143,6.293735862833069,2.097617696340303,1.9888578520235065,10,3,14.573333333333334,0.8766666666666667,1,1,1,1,2.0047876729539533,M,primary,0-5,1.8272136375966972,0.3813850356982369,0.6033613708385919,-0.9680399672199441,0.21444444444444452,afternoon,afternoon,afternoon,Random,afternoon,1;0+
5019,random-8,1.268,2.5,NA,NA,30.432,1.235,29.640000000000004,0.033,0.792,0.704,16.895999999999997,NA,NA,P-F13-C01,35m;29d,36,M,41,6,primary,44,6,primary,30553,08:33:01,3,2,5,7,unknown,"Rossel Island, Milne Bay Province, PNG",no,agriculturalist,NA,13.8,29.5,2.2,5.8,11.073491871231143,6.293735862833069,2.097617696340303,1.9888578520235065,10,8,15.606666666666667,0.026025236593059938,1,1,1,1,2.0047876729539533,M,primary,0-5,1.8272136375966972,0.3813850356982369,0.6033613708385919,0.549792733995996,0.30055555555555563,afternoon,afternoon,afternoon,Random,afternoon,1;0+
5019,random-9,0.799,2.5,NA,NA,19.176,0.515,12.360000000000001,0.284,6.816,0.303,7.272,NA,NA,P-F13-C01,35m;29d,36,M,41,6,primary,44,6,primary,30553,08:33:01,3,2,5,7,unknown,"Rossel Island, Milne Bay Province, PNG",no,agriculturalist,NA,13.8,29.5,2.2,5.8,11.073491871231143,6.293735862833069,2.097617696340303,1.9888578520235065,10,5,16.149444444444445,0.3554443053817271,1,1,1,1,2.0047876729539533,M,primary,0-5,1.8272136375966972,0.3813850356982369,0.6033613708385919,-0.3609068867335681,0.34578703703703706,afternoon,afternoon,afternoon,Random,afternoon,1;0+
6934,random-1,0.963,2.5,NA,NA,23.112,0.94,22.56,0.023,0.552,0.238,5.712,NA,NA,P-F10-C01,16m;29d,17,M,25,10,secondary,30,10,secondary,33508,07:37:58,1,2,3,5,unknown,"Rossel Island, Milne Bay Province, PNG",no,agriculturalist,NA,13.8,29.5,2.2,5.8,11.073491871231143,6.293735862833069,2.097617696340303,1.9888578520235065,7,8,8.624722222222223,0.023883696780893044,1,1,1,1,0.28897840330867786,M,secondary,6+,-0.7149966407987076,-0.5720775535473556,-0.4022409138923944,0.549792733995996,-0.2812731481481481,morning,morning,morning,Random,morning,1;0+
6934,random-2,0.247,2.5,NA,NA,5.928,0.247,5.928,0,0,0.247,5.928,NA,NA,P-F10-C01,16m;29d,17,M,25,10,secondary,30,10,secondary,33508,07:37:58,1,2,3,5,unknown,"Rossel Island, Milne Bay Province, PNG",no,agriculturalist,NA,13.8,29.5,2.2,5.8,11.073491871231143,6.293735862833069,2.097617696340303,1.9888578520235065,7,1,10.152222222222223,0,1,1,0,1,0.28897840330867786,M,secondary,6+,-0.7149966407987076,-0.5720775535473556,-0.4022409138923944,-1.5751730477063202,-0.1539814814814814,morning,morning,morning,Random,morning,1;0+
6934,random-3,3.45,2.5,NA,NA,82.80000000000001,3.45,82.80000000000001,0,0,2.371,56.904,NA,NA,P-F10-C01,16m;29d,17,M,25,10,secondary,30,10,secondary,33508,07:37:58,1,2,3,5,unknown,"Rossel Island, Milne Bay Province, PNG",no,agriculturalist,NA,13.8,29.5,2.2,5.8,11.073491871231143,6.293735862833069,2.097617696340303,1.9888578520235065,7,9,10.831944444444444,0,1,1,0,1,0.28897840330867786,M,secondary,6+,-0.7149966407987076,-0.5720775535473556,-0.4022409138923944,0.8533592742391841,-0.097337962962963,morning,morning,morning,Random,morning,1;0+
6934,random-4,1.546,2.5,NA,NA,37.104000000000006,1.342,32.208000000000006,0.205,4.919999999999999,0.546,13.104000000000001,NA,NA,P-F10-C01,16m;29d,17,M,25,10,secondary,30,10,secondary,33508,07:37:58,1,2,3,5,unknown,"Rossel Island, Milne Bay Province, PNG",no,agriculturalist,NA,13.8,29.5,2.2,5.8,11.073491871231143,6.293735862833069,2.097617696340303,1.9888578520235065,7,8,11.315,0.13260025873221215,1,1,1,1,0.28897840330867786,M,secondary,6+,-0.7149966407987076,-0.5720775535473556,-0.4022409138923944,0.549792733995996,-0.057083333333333375,midday,midday,midday,Random,midday,1;0+
6934,random-5,0.673,2.5,NA,NA,16.152,0.673,16.152,0,0,0.299,7.176,NA,NA,P-F10-C01,16m;29d,17,M,25,10,secondary,30,10,secondary,33508,07:37:58,1,2,3,5,unknown,"Rossel Island, Milne Bay Province, PNG",no,agriculturalist,NA,13.8,29.5,2.2,5.8,11.073491871231143,6.293735862833069,2.097617696340303,1.9888578520235065,7,6,13.518055555555556,0,1,1,0,1,0.28897840330867786,M,secondary,6+,-0.7149966407987076,-0.5720775535473556,-0.4022409138923944,-0.05734034649038003,0.12650462962962963,afternoon,afternoon,afternoon,Random,afternoon,1;0+
6934,random-6,1.082,2.5,NA,NA,25.968,1.05,25.200000000000003,0.032,0.768,0.935,22.44,NA,NA,P-F10-C01,16m;29d,17,M,25,10,secondary,30,10,secondary,33508,07:37:58,1,2,3,5,unknown,"Rossel Island, Milne Bay Province, PNG",no,agriculturalist,NA,13.8,29.5,2.2,5.8,11.073491871231143,6.293735862833069,2.097617696340303,1.9888578520235065,7,5,13.941666666666666,0.029574861367837338,1,1,1,1,0.28897840330867786,M,secondary,6+,-0.7149966407987076,-0.5720775535473556,-0.4022409138923944,-0.3609068867335681,0.16180555555555554,afternoon,afternoon,afternoon,Random,afternoon,1;0+
6934,random-7,1.221,2.5,NA,NA,29.304000000000002,1.064,25.536,0.157,3.768,1.15,27.599999999999998,NA,NA,P-F10-C01,16m;29d,17,M,25,10,secondary,30,10,secondary,33508,07:37:58,1,2,3,5,unknown,"Rossel Island, Milne Bay Province, PNG",no,agriculturalist,NA,13.8,29.5,2.2,5.8,11.073491871231143,6.293735862833069,2.097617696340303,1.9888578520235065,7,6,14.205555555555556,0.12858312858312856,1,1,1,1,0.28897840330867786,M,secondary,6+,-0.7149966407987076,-0.5720775535473556,-0.4022409138923944,-0.05734034649038003,0.18379629629629632,afternoon,afternoon,afternoon,Random,afternoon,1;0+
6934,random-8,1.056,2.5,NA,NA,25.344,0.918,22.032,0.137,3.2880000000000003,0.699,16.775999999999996,NA,NA,P-F10-C01,16m;29d,17,M,25,10,secondary,30,10,secondary,33508,07:37:58,1,2,3,5,unknown,"Rossel Island, Milne Bay Province, PNG",no,agriculturalist,NA,13.8,29.5,2.2,5.8,11.073491871231143,6.293735862833069,2.097617696340303,1.9888578520235065,7,7,16.09777777777778,0.12973484848484848,1,1,1,1,0.28897840330867786,M,secondary,6+,-0.7149966407987076,-0.5720775535473556,-0.4022409138923944,0.246226193752808,0.34148148148148155,afternoon,afternoon,afternoon,Random,afternoon,1;0+
6934,random-9,1.985,2.5,NA,NA,47.64,1.948,46.752,0.037,0.8879999999999999,0.678,16.272,NA,NA,P-F10-C01,16m;29d,17,M,25,10,secondary,30,10,secondary,33508,07:37:58,1,2,3,5,unknown,"Rossel Island, Milne Bay Province, PNG",no,agriculturalist,NA,13.8,29.5,2.2,5.8,11.073491871231143,6.293735862833069,2.097617696340303,1.9888578520235065,7,5,16.8225,0.018639798488664986,1,1,1,1,0.28897840330867786,M,secondary,6+,-0.7149966407987076,-0.5720775535473556,-0.4022409138923944,-0.3609068867335681,0.40187500000000015,afternoon,afternoon,afternoon,Random,afternoon,1;0+
8018,random-1,2.196,2.5,NA,NA,52.70400000000001,1.959,47.016000000000005,0.237,5.688,0.432,10.368,NA,NA,P-F34-C01,09m;03d,9,F,29,10,secondary,27,9,secondary,30313,09:00:52,1,2,2,4,unknown,"Rossel Island, Milne Bay Province, PNG",no,agriculturalist,NA,13.8,29.5,2.2,5.8,11.073491871231143,6.293735862833069,2.097617696340303,1.9888578520235065,5,8,9.699444444444444,0.10792349726775954,1,1,1,1,-0.43346760496301695,F,secondary,6+,-0.0794440711998564,-0.5720775535473556,-0.9050420562578876,0.549792733995996,-0.19171296296296303,morning,morning,morning,Random,morning,Under 1;0
8018,random-2,2.068,2.5,NA,NA,49.632000000000005,1.967,47.208000000000006,0.101,2.4240000000000004,0.387,9.288,NA,NA,P-F34-C01,09m;03d,9,F,29,10,secondary,27,9,secondary,30313,09:00:52,1,2,2,4,unknown,"Rossel Island, Milne Bay Province, PNG",no,agriculturalist,NA,13.8,29.5,2.2,5.8,11.073491871231143,6.293735862833069,2.097617696340303,1.9888578520235065,5,9,9.900555555555556,0.0488394584139265,1,1,1,1,-0.43346760496301695,F,secondary,6+,-0.0794440711998564,-0.5720775535473556,-0.9050420562578876,0.8533592742391841,-0.17495370370370367,morning,morning,morning,Random,morning,Under 1;0
8018,random-3,1.184,2.5,NA,NA,28.415999999999997,0.993,23.832,0.191,4.584,0.421,10.104,NA,NA,P-F34-C01,09m;03d,9,F,29,10,secondary,27,9,secondary,30313,09:00:52,1,2,2,4,unknown,"Rossel Island, Milne Bay Province, PNG",no,agriculturalist,NA,13.8,29.5,2.2,5.8,11.073491871231143,6.293735862833069,2.097617696340303,1.9888578520235065,5,7,10.478333333333333,0.16131756756756757,1,1,1,1,-0.43346760496301695,F,secondary,6+,-0.0794440711998564,-0.5720775535473556,-0.9050420562578876,0.246226193752808,-0.12680555555555553,morning,morning,morning,Random,morning,Under 1;0
8018,random-4,1.095,2.5,NA,NA,26.28,1.089,26.136,0.005,0.12,0.577,13.847999999999999,NA,NA,P-F34-C01,09m;03d,9,F,29,10,secondary,27,9,secondary,30313,09:00:52,1,2,2,4,unknown,"Rossel Island, Milne Bay Province, PNG",no,agriculturalist,NA,13.8,29.5,2.2,5.8,11.073491871231143,6.293735862833069,2.097617696340303,1.9888578520235065,5,7,11.107777777777779,0.004566210045662101,1,1,1,1,-0.43346760496301695,F,secondary,6+,-0.0794440711998564,-0.5720775535473556,-0.9050420562578876,0.246226193752808,-0.07435185185185178,midday,midday,midday,Random,midday,Under 1;0
8018,random-5,1.196,2.5,NA,NA,28.704,1.187,28.488,0.009,0.216,0.215,5.159999999999999,NA,NA,P-F34-C01,09m;03d,9,F,29,10,secondary,27,9,secondary,30313,09:00:52,1,2,2,4,unknown,"Rossel Island, Milne Bay Province, PNG",no,agriculturalist,NA,13.8,29.5,2.2,5.8,11.073491871231143,6.293735862833069,2.097617696340303,1.9888578520235065,5,8,11.703333333333333,0.007525083612040133,1,1,1,1,-0.43346760496301695,F,secondary,6+,-0.0794440711998564,-0.5720775535473556,-0.9050420562578876,0.549792733995996,-0.02472222222222224,midday,midday,midday,Random,midday,Under 1;0
8018,random-6,0.047,2.5,NA,NA,1.1280000000000001,0.047,1.1280000000000001,0,0,0,0,NA,NA,P-F34-C01,09m;03d,9,F,29,10,secondary,27,9,secondary,30313,09:00:52,1,2,2,4,unknown,"Rossel Island, Milne Bay Province, PNG",no,agriculturalist,NA,13.8,29.5,2.2,5.8,11.073491871231143,6.293735862833069,2.097617696340303,1.9888578520235065,5,1,13.338888888888889,0,1,1,0,0,-0.43346760496301695,F,secondary,6+,-0.0794440711998564,-0.5720775535473556,-0.9050420562578876,-1.5751730477063202,0.11157407407407405,afternoon,afternoon,afternoon,Random,afternoon,Under 1;0
8018,random-7,1.245,2.5,NA,NA,29.880000000000003,1.245,29.880000000000003,0,0,0.076,1.824,NA,NA,P-F34-C01,09m;03d,9,F,29,10,secondary,27,9,secondary,30313,09:00:52,1,2,2,4,unknown,"Rossel Island, Milne Bay Province, PNG",no,agriculturalist,NA,13.8,29.5,2.2,5.8,11.073491871231143,6.293735862833069,2.097617696340303,1.9888578520235065,5,3,14.015555555555556,0,1,1,0,1,-0.43346760496301695,F,secondary,6+,-0.0794440711998564,-0.5720775535473556,-0.9050420562578876,-0.9680399672199441,0.167962962962963,afternoon,afternoon,afternoon,Random,afternoon,Under 1;0
8018,random-8,2.404,2.5,NA,NA,57.696,2.21,53.04,0.194,4.656000000000001,1.54,36.96,NA,NA,P-F34-C01,09m;03d,9,F,29,10,secondary,27,9,secondary,30313,09:00:52,1,2,2,4,unknown,"Rossel Island, Milne Bay Province, PNG",no,agriculturalist,NA,13.8,29.5,2.2,5.8,11.073491871231143,6.293735862833069,2.097617696340303,1.9888578520235065,5,8,14.692222222222222,0.08069883527454244,1,1,1,1,-0.43346760496301695,F,secondary,6+,-0.0794440711998564,-0.5720775535473556,-0.9050420562578876,0.549792733995996,0.22435185185185183,afternoon,afternoon,afternoon,Random,afternoon,Under 1;0
8018,random-9,2.004,2.5,NA,NA,48.096,1.947,46.728,0.057,1.368,0.506,12.144,NA,NA,P-F34-C01,09m;03d,9,F,29,10,secondary,27,9,secondary,30313,09:00:52,1,2,2,4,unknown,"Rossel Island, Milne Bay Province, PNG",no,agriculturalist,NA,13.8,29.5,2.2,5.8,11.073491871231143,6.293735862833069,2.097617696340303,1.9888578520235065,5,8,16.525,0.028443113772455092,1,1,1,1,-0.43346760496301695,F,secondary,6+,-0.0794440711998564,-0.5720775535473556,-0.9050420562578876,0.549792733995996,0.3770833333333332,afternoon,afternoon,afternoon,Random,afternoon,Under 1;0
8427,random-1,0.576,2.5,NA,NA,13.824,0.368,8.832,0.208,4.992,0.348,8.352,NA,NA,P-F07-C01,01m;09d,1,F,31,8,secondary,33,10,secondary,31134,08:21:34,1,5,2,7,unknown,"Rossel Island, Milne Bay Province, PNG",no,agriculturalist,NA,13.8,29.5,2.2,5.8,11.073491871231143,6.293735862833069,2.097617696340303,1.9888578520235065,1,4,8.854722222222222,0.3611111111111111,1,1,1,1,-1.1559136132347119,F,secondary,6+,0.23833221359956921,-0.5720775535473556,0.6033613708385919,-0.664473426976756,-0.2621064814814815,morning,morning,morning,Random,morning,Under 1;0
8427,random-2,0.466,2.5,NA,NA,11.184000000000001,0.369,8.856,0.097,2.3280000000000003,0.145,3.4799999999999995,NA,NA,P-F07-C01,01m;09d,1,F,31,8,secondary,33,10,secondary,31134,08:21:34,1,5,2,7,unknown,"Rossel Island, Milne Bay Province, PNG",no,agriculturalist,NA,13.8,29.5,2.2,5.8,11.073491871231143,6.293735862833069,2.097617696340303,1.9888578520235065,1,4,9.0075,0.20815450643776823,1,1,1,1,-1.1559136132347119,F,secondary,6+,0.23833221359956921,-0.5720775535473556,0.6033613708385919,-0.664473426976756,-0.24937499999999999,morning,morning,morning,Random,morning,Under 1;0
8427,random-3,0.693,2.5,NA,NA,16.632,0.693,16.632,0,0,0.368,8.832,NA,NA,P-F07-C01,01m;09d,1,F,31,8,secondary,33,10,secondary,31134,08:21:34,1,5,2,7,unknown,"Rossel Island, Milne Bay Province, PNG",no,agriculturalist,NA,13.8,29.5,2.2,5.8,11.073491871231143,6.293735862833069,2.097617696340303,1.9888578520235065,1,4,9.131666666666666,0,1,1,0,1,-1.1559136132347119,F,secondary,6+,0.23833221359956921,-0.5720775535473556,0.6033613708385919,-0.664473426976756,-0.23902777777777784,morning,morning,morning,Random,morning,Under 1;0
8427,random-4,1.626,2.5,NA,NA,39.024,1.592,38.208,0.034,0.8160000000000001,0.293,7.032,NA,NA,P-F07-C01,01m;09d,1,F,31,8,secondary,33,10,secondary,31134,08:21:34,1,5,2,7,unknown,"Rossel Island, Milne Bay Province, PNG",no,agriculturalist,NA,13.8,29.5,2.2,5.8,11.073491871231143,6.293735862833069,2.097617696340303,1.9888578520235065,1,10,10.619444444444444,0.020910209102091022,1,1,1,1,-1.1559136132347119,F,secondary,6+,0.23833221359956921,-0.5720775535473556,0.6033613708385919,1.1569258144823722,-0.11504629629629637,morning,morning,morning,Random,morning,Under 1;0
8427,random-5,2.348,2.5,NA,NA,56.352,2.348,56.352,0,0,0.682,16.368000000000002,NA,NA,P-F07-C01,01m;09d,1,F,31,8,secondary,33,10,secondary,31134,08:21:34,1,5,2,7,unknown,"Rossel Island, Milne Bay Province, PNG",no,agriculturalist,NA,13.8,29.5,2.2,5.8,11.073491871231143,6.293735862833069,2.097617696340303,1.9888578520235065,1,5,13.559166666666666,0,1,1,0,1,-1.1559136132347119,F,secondary,6+,0.23833221359956921,-0.5720775535473556,0.6033613708385919,-0.3609068867335681,0.12993055555555552,afternoon,afternoon,afternoon,Random,afternoon,Under 1;0
8427,random-6,0.923,2.5,NA,NA,22.152,0.708,16.992,0.215,5.159999999999999,0.272,6.5280000000000005,NA,NA,P-F07-C01,01m;09d,1,F,31,8,secondary,33,10,secondary,31134,08:21:34,1,5,2,7,unknown,"Rossel Island, Milne Bay Province, PNG",no,agriculturalist,NA,13.8,29.5,2.2,5.8,11.073491871231143,6.293735862833069,2.097617696340303,1.9888578520235065,1,3,14.570555555555556,0.23293607800650054,1,1,1,1,-1.1559136132347119,F,secondary,6+,0.23833221359956921,-0.5720775535473556,0.6033613708385919,-0.9680399672199441,0.214212962962963,afternoon,afternoon,afternoon,Random,afternoon,Under 1;0
8427,random-7,0.341,2.5,NA,NA,8.184000000000001,0.341,8.184000000000001,0,0,0.265,6.36,NA,NA,P-F07-C01,01m;09d,1,F,31,8,secondary,33,10,secondary,31134,08:21:34,1,5,2,7,unknown,"Rossel Island, Milne Bay Province, PNG",no,agriculturalist,NA,13.8,29.5,2.2,5.8,11.073491871231143,6.293735862833069,2.097617696340303,1.9888578520235065,1,2,15.553333333333333,0,1,1,0,1,-1.1559136132347119,F,secondary,6+,0.23833221359956921,-0.5720775535473556,0.6033613708385919,-1.2716065074631322,0.29611111111111105,afternoon,afternoon,afternoon,Random,afternoon,Under 1;0
8427,random-8,1.174,2.5,NA,NA,28.176,0.861,20.663999999999998,0.313,7.5120000000000005,1.112,26.688000000000002,NA,NA,P-F07-C01,01m;09d,1,F,31,8,secondary,33,10,secondary,31134,08:21:34,1,5,2,7,unknown,"Rossel Island, Milne Bay Province, PNG",no,agriculturalist,NA,13.8,29.5,2.2,5.8,11.073491871231143,6.293735862833069,2.097617696340303,1.9888578520235065,1,2,15.671666666666667,0.26660988074957415,1,1,1,1,-1.1559136132347119,F,secondary,6+,0.23833221359956921,-0.5720775535473556,0.6033613708385919,-1.2716065074631322,0.30597222222222226,afternoon,afternoon,afternoon,Random,afternoon,Under 1;0
8427,random-9,0.296,2.5,NA,NA,7.103999999999999,0.296,7.103999999999999,0,0,0.23,5.52,NA,NA,P-F07-C01,01m;09d,1,F,31,8,secondary,33,10,secondary,31134,08:21:34,1,5,2,7,unknown,"Rossel Island, Milne Bay Province, PNG",no,agriculturalist,NA,13.8,29.5,2.2,5.8,11.073491871231143,6.293735862833069,2.097617696340303,1.9888578520235065,1,4,16.05611111111111,0,1,1,0,1,-1.1559136132347119,F,secondary,6+,0.23833221359956921,-0.5720775535473556,0.6033613708385919,-0.664473426976756,0.33800925925925923,afternoon,afternoon,afternoon,Random,afternoon,Under 1;0
9732,random-1,0.945,2.5,NA,NA,22.68,0.771,18.504,0.174,4.176,0.336,8.064000000000002,NA,NA,P-F28-C01,04m;13d,4,M,24,14,preparatory,29,6,primary,26300,10:00:47,0,3,1,4,unknown,"Rossel Island, Milne Bay Province, PNG",no,agriculturalist,NA,13.8,29.5,2.2,5.8,11.073491871231143,6.293735862833069,2.097617696340303,1.9888578520235065,2,6,10.3225,0.1841269841269841,1,1,1,1,-0.8849963601328262,M,preparatory,6+,-0.8738847831984204,-1.0488088481701519,-0.9050420562578876,-0.05734034649038003,-0.13979166666666668,morning,morning,morning,Random,morning,Under 1;0
9732,random-2,1.405,2.5,NA,NA,33.720000000000006,1.248,29.951999999999998,0.156,3.7439999999999998,0.156,3.7439999999999998,NA,NA,P-F28-C01,04m;13d,4,M,24,14,preparatory,29,6,primary,26300,10:00:47,0,3,1,4,unknown,"Rossel Island, Milne Bay Province, PNG",no,agriculturalist,NA,13.8,29.5,2.2,5.8,11.073491871231143,6.293735862833069,2.097617696340303,1.9888578520235065,2,2,11.3175,0.11103202846975088,1,1,1,1,-0.8849963601328262,M,preparatory,6+,-0.8738847831984204,-1.0488088481701519,-0.9050420562578876,-1.2716065074631322,-0.05687499999999993,midday,midday,midday,Random,midday,Under 1;0
9732,random-3,1.672,2.5,NA,NA,40.128,1.672,40.128,0,0,0.045,1.0799999999999998,NA,NA,P-F28-C01,04m;13d,4,M,24,14,preparatory,29,6,primary,26300,10:00:47,0,3,1,4,unknown,"Rossel Island, Milne Bay Province, PNG",no,agriculturalist,NA,13.8,29.5,2.2,5.8,11.073491871231143,6.293735862833069,2.097617696340303,1.9888578520235065,2,3,12.320833333333333,0,1,1,0,1,-0.8849963601328262,M,preparatory,6+,-0.8738847831984204,-1.0488088481701519,-0.9050420562578876,-0.9680399672199441,0.02673611111111107,midday,midday,midday,Random,midday,Under 1;0
9732,random-4,0.843,2.5,NA,NA,20.232,0.843,20.232,0,0,0,0,NA,NA,P-F28-C01,04m;13d,4,M,24,14,preparatory,29,6,primary,26300,10:00:47,0,3,1,4,unknown,"Rossel Island, Milne Bay Province, PNG",no,agriculturalist,NA,13.8,29.5,2.2,5.8,11.073491871231143,6.293735862833069,2.097617696340303,1.9888578520235065,2,2,12.469722222222222,0,1,1,0,0,-0.8849963601328262,M,preparatory,6+,-0.8738847831984204,-1.0488088481701519,-0.9050420562578876,-1.2716065074631322,0.039143518518518494,midday,midday,midday,Random,midday,Under 1;0
9732,random-5,0.789,2.5,NA,NA,18.936,0.789,18.936,0,0,0,0,NA,NA,P-F28-C01,04m;13d,4,M,24,14,preparatory,29,6,primary,26300,10:00:47,0,3,1,4,unknown,"Rossel Island, Milne Bay Province, PNG",no,agriculturalist,NA,13.8,29.5,2.2,5.8,11.073491871231143,6.293735862833069,2.097617696340303,1.9888578520235065,2,2,12.986666666666666,0,1,1,0,0,-0.8849963601328262,M,preparatory,6+,-0.8738847831984204,-1.0488088481701519,-0.9050420562578876,-1.2716065074631322,0.0822222222222222,midday,midday,midday,Random,midday,Under 1;0
9732,random-6,1.798,2.5,NA,NA,43.152,1.63,39.12,0.169,4.056,0.169,4.056,NA,NA,P-F28-C01,04m;13d,4,M,24,14,preparatory,29,6,primary,26300,10:00:47,0,3,1,4,unknown,"Rossel Island, Milne Bay Province, PNG",no,agriculturalist,NA,13.8,29.5,2.2,5.8,11.073491871231143,6.293735862833069,2.097617696340303,1.9888578520235065,2,2,14.79,0.09399332591768632,1,1,1,1,-0.8849963601328262,M,preparatory,6+,-0.8738847831984204,-1.0488088481701519,-0.9050420562578876,-1.2716065074631322,0.23249999999999993,afternoon,afternoon,afternoon,Random,afternoon,Under 1;0
9732,random-7,3.844,2.5,NA,NA,92.25599999999999,3.389,81.336,0.456,10.944,1.151,27.624000000000002,NA,NA,P-F28-C01,04m;13d,4,M,24,14,preparatory,29,6,primary,26300,10:00:47,0,3,1,4,unknown,"Rossel Island, Milne Bay Province, PNG",no,agriculturalist,NA,13.8,29.5,2.2,5.8,11.073491871231143,6.293735862833069,2.097617696340303,1.9888578520235065,2,7,15.709444444444445,0.11862643080124871,1,1,1,1,-0.8849963601328262,M,preparatory,6+,-0.8738847831984204,-1.0488088481701519,-0.9050420562578876,0.246226193752808,0.30912037037037043,afternoon,afternoon,afternoon,Random,afternoon,Under 1;0
9732,random-8,2.584,2.5,NA,NA,62.016000000000005,2.45,58.800000000000004,0.135,3.24,0.483,11.591999999999999,NA,NA,P-F28-C01,04m;13d,4,M,24,14,preparatory,29,6,primary,26300,10:00:47,0,3,1,4,unknown,"Rossel Island, Milne Bay Province, PNG",no,agriculturalist,NA,13.8,29.5,2.2,5.8,11.073491871231143,6.293735862833069,2.097617696340303,1.9888578520235065,2,9,16.50638888888889,0.05224458204334365,1,1,1,1,-0.8849963601328262,M,preparatory,6+,-0.8738847831984204,-1.0488088481701519,-0.9050420562578876,0.8533592742391841,0.3755324074074074,afternoon,afternoon,afternoon,Random,afternoon,Under 1;0
9732,random-9,2.562,2.5,NA,NA,61.488,2.445,58.68,0.117,2.8080000000000003,0.595,14.28,NA,NA,P-F28-C01,04m;13d,4,M,24,14,preparatory,29,6,primary,26300,10:00:47,0,3,1,4,unknown,"Rossel Island, Milne Bay Province, PNG",no,agriculturalist,NA,13.8,29.5,2.2,5.8,11.073491871231143,6.293735862833069,2.097617696340303,1.9888578520235065,2,12,17.05,0.04566744730679158,1,1,1,1,-0.8849963601328262,M,preparatory,6+,-0.8738847831984204,-1.0488088481701519,-0.9050420562578876,1.7640588949687481,0.4208333333333334,afternoon,afternoon,afternoon,Random,afternoon,Under 1;0
